Level_ID,Name,Weather,LevelTag,FeatureUnlock,ShuffleDistance,ServeableSlots,QueueString,GridString,CustomerString,OutOfSlotPolicy,BoosterCharges,IngredientWeights,CustomerDishesSequence,ComplexityCurve,ShuffleCurve,DesignNote,RandomSeed,ObstacleData,BagFill
1,Level 1,Normal,Normal,,0,2,"20,4:2,20,20,3:2,6:2,5:2,20%5:2,20,3:2,20,20,20,20,20%20,6:2,20,20,20,20,4:2,20",",,,,,,,,,","0;0;0;{c0:{g3:0}.{g4:5}},{c0:{g3:0}.{g4:4}}|0;0;0;{c0:{g3:0}.{g4:6}}|0;0;0;{c0:{g3:0}.{g4:3}}|0;0;0;{c0:{g3:0}.{g4:3}},{c0:{g3:0}.{g4:4}}|0;0;0;{c0:{g3:0}.{g4:6}},{c0:{g3:0}.{g4:3}}|0;0;0;{c0:{g3:0}.{g4:5}},{c0:{g3:0}.{g4:6}}|0;0;0;{c0:{g3:0}.{g4:3}},{c0:{g3:0}.{g4:5}}|0;0;0;{c0:{g3:0}.{g4:4}}|0;0;0;{c0:{g3:0}.{g4:5}},{c0:{g3:0}.{g4:4}},{c0:{g3:0}.{g4:6}}",,,c0:100;0:100;3:71;4:60;5:59;6:62;10:25;24:50,2;1;1;2;2;2;2;1,"{""range"":{""minX"":0,""maxX"":1,""minY"":1,""maxY"":3},""keyframes"":[{""x"":0,""y"":0,""tangent"":1},{""x"":1,""y"":1,""tangent"":1}]}","{""range"":{""minX"":0,""maxX"":1,""minY"":0,""maxY"":5},""keyframes"":[{""x"":0,""y"":0.5,""tangent"":0},{""x"":1,""y"":0.5,""tangent"":0}]}",,4169756214,orderLock=1;lockKey=1;hidden=3;frozen=1;combined=1,
2,Level 2,Normal,Normal,,0,2,"20,9,4:2,20,5:2,20,9,3:2,9,20,20,20,20,20,3:2,20,9%8,5:2,9,3:2,9,20,8,20,8,20,5:2,4:2,9,5:2,20,20,8%20,20,8,20,8,20,20,4:2,20,3:2,20,20,8,20,4:2,20",",,,,,,,,,","0;0;0;{c0:{g3:0}.{g4:5}},{c0:{g3:0}.{g4:5}},{c3:24}|0;0;0;{c0:{g3:0}.{g4:4}},{c3:24}|0;0;0;{c0:{g3:0}.{g4:3}},{c0:{g3:0}.{g4:5}},{c3:24}|0;0;0;{c0:{g3:0}.{g4:5}},{c0:{g3:0}.{g4:4}},{c0:{g3:0}.{g4:3}},{c3:24};;7|0;0;0;{c0:{g3:0}.{g4:3}},{c0:{g3:0}.{g4:4}},{c3:24}|0;0;0;{c0:{g3:0}.{g4:3}},{c0:{g3:0}.{g4:4}},{c0:{g3:0}.{g4:3}}|0;0;0;{c0:{g3:0}.{g4:5}},{c0:{g3:0}.{g4:5}},{c0:{g3:0}.{g4:4}}|0;0;0;{c0:{g3:0}.{g4:3}},{c0:{g3:0}.{g4:4}},{c3:24}|0;0;0;{c0:{g3:0}.{g4:5}},{c0:{g3:0}.{g4:3}},{c0:{g3:0}.{g4:4}}|0;0;0;{c0:{g3:0}.{g4:5}},{c0:{g3:0}.{g4:4}},{c0:{g3:0}.{g4:3}},{c3:24}",,,c0:100;c3:77;0:100;3:33;4:33;5:33;11:25;12:25;13:38;14:13;23:88;24:29,2;1;2;1;2;2;2;2;3,"{""range"":{""minX"":0,""maxX"":1,""minY"":1,""maxY"":5},""keyframes"":[{""x"":0,""y"":0,""tangent"":1},{""x"":1,""y"":1,""tangent"":1}]}","{""range"":{""minX"":0,""maxX"":1,""minY"":0,""maxY"":3},""keyframes"":[{""x"":0,""y"":0,""tangent"":1},{""x"":1,""y"":1,""tangent"":1}]}",,3225459349,ingredientLock=1;lockKey=1;hidden=1;linked=2;timed=1;shipper=1,
3,Level 3,Normal,Normal,,0,2,"9,20,9,8,20,4:2,20,8,5:2,20,4:2%7,6:2,7,9,9,20,5:2,9,20,9,20%20,20,20,7,8,6:2,20,8,4:2,7,20%5:2,4:2,9,20,20,20,9,20,20,20$$2-0,3-2;1-2,0-4;2-4,1-6;2-7,3-9;1-8,0-10",",,,,,,,,,","0;0;0;{c5:23},{c0:{g3:0}.{g4:5}}|0;0;0;{c0:{g3:0}.{g4:6}},{c0:{g3:0}.{g4:4}}|0;0;0;{c5:23},{c0:{g3:0}.{g4:5}}|0;0;0;{c3:24},{c5:23}|0;0;0;{c0:{g3:0}.{g4:6}},{c0:{g3:0}.{g4:4}},{c3:24}|0;0;0;{c0:{g3:0}.{g4:4}},{c0:{g3:0}.{g4:6}}|0;0;0;{c0:{g3:0}.{g4:4}},{c0:{g3:0}.{g4:5}}|0;0;0;{c0:{g3:0}.{g4:5}},{c3:24}|0;0;0;{c3:24},{c0:{g3:0}.{g4:5}},{c0:{g3:0}.{g4:4}};;7|0;0;0;{c0:{g3:0}.{g4:4}},{c0:{g3:0}.{g4:6}}|0;0;0;{c5:23},{c0:{g3:0}.{g4:4}}|0;0;0;{c0:{g3:0}.{g4:4}},{c0:{g3:0}.{g4:5}}",,,c0:100;c3:86;c5:77;0:100;4:68;5:69;6:68;11:53;12:54;23:85;24:76,1;2;1;2;1;2;2;2;1;2;2,"{""range"":{""minX"":0,""maxX"":1,""minY"":1,""maxY"":11},""keyframes"":[{""x"":0,""y"":0,""tangent"":0},{""x"":1,""y"":1,""tangent"":0}]}","{""range"":{""minX"":0,""maxX"":1,""minY"":0,""maxY"":1},""keyframes"":[{""x"":0,""y"":0,""tangent"":1},{""x"":1,""y"":1,""tangent"":1}]}",,3399049308,orderLock=1;lockKey=1;hidden=2;frozen=2;linked=1;combined=2;timed=2;shipper=1,
4,Level 4,Rainy,,,0,2,"9,10:2,20,10:2,20,4:2,9,9,9,10:2,9,11,20,4:2,9,9,7%8,11,6:2,20,8,7,20,8,8,20,8,9,6:2,9,8,8,11%9,9,9,4:2,20,9,10:2,20,9,20,9,8,20,7,20,10:2%7,8,7,9,20,8,11,6:2,7,4:2,7,10:2,20,11,20,9$$3-1,2-3;0-3,1-6;2-7,1-9;0-10,1-12;2-12,3-14;2-10,3-8",",,,,,,,,,","0;0;0;{c3:24},{c4:23.10.11}|0;0;0;{c3:24.10},{c0:{g3:0}.{g4:6}}|0;0;0;{c4:23.10},{c0:{g3:0}.{g4:4}},{c3:24}|0;0;0;{c0:{g3:0}.{g4:4}},{c0:{g3:0}.{g4:6}}|0;0;0;{c0:{g3:0}.{g4:4}},{c0:{g3:0}.{g4:4}},{c3:24.10}|0;0;0;{c4:23.10.11},{c3:24},{c0:{g3:0}.{g4:6}}|0;0;0;{c3:24.10},{c5:23.10},{c0:{g3:0}.{g4:6}}|0;0;0;{c0:{g3:0}.{g4:4}},{c3:24},{c4:23.10.11}|0;0;0;{c3:24.10},{c0:{g3:0}.{g4:6}},{c0:{g3:0}.{g4:4}},{c0:{g3:0}.{g4:4}}|0;0;0;{c4:23.10.11},{c3:24},{c0:{g3:0}.{g4:4}}|0;0;0;{c0:{g3:0}.{g4:6}},{c3:24.10},{c4:23.10.11}",,,c0:100;c3:59;c5:75;0:100;4:74;6:77;10:63;11:83;12:51;23:77;24:78,2;2;2;2;3;1;1;2;1;3;2;2,"{""range"":{""minX"":0,""maxX"":1,""minY"":1,""maxY"":11},""keyframes"":[{""x"":0,""y"":0.5026815596768917,""tangent"":0},{""x"":1,""y"":1,""tangent"":0}]}","{""range"":{""minX"":0,""maxX"":1,""minY"":0,""maxY"":0},""keyframes"":[{""x"":0,""y"":0,""tangent"":1},{""x"":1,""y"":1,""tangent"":1}]}",,3837538610,,
5,Level 5,Rainy,Hard,,0,2,"20,10:2#2,7#2,4:2#2,7,9,7#2,8,9,9#2,7,9,9#2,4:2#2,7#2,7,20%5:2,9#2,10:2#2,20#2,9,7,20,10:2#2,7#2,7,10:2#2,7,7#2,9#2,11#2,20,20#2%9,8#2,11#2,6:2#2,7,11,3:2,9#2,10:2#2,20,11#2,20,10:2#2,8#2,10:2#2,6:2,20#2%7,9#2,20#2,9#2,10:2,9,9#2,7,20,9#2,20,3:2,20#2,9#2,9#2,20",",,,,,,,,,","0;0;0;{c0:{g3:0}.{g4:5}},{c4:23.10}|0;0;0;{c3:24.10}|0;0;0;{c4:23.10.11}|0;0;0;{c0:{g3:0}.{g4:4}},{c0:{g3:0}.{g4:6}}|0;0;0;{c5:23.10}|0;0;0;{c5:23.10},{c4:23.11},{c5:23.10}|0;0;0;{c0:{g3:0}.{g4:3}}|0;0;0;{c3:24.10},{c5:23.10}|0;90;0;{c4:23.10},{c0:{g3:0}.{g4:3}},{c4:23.10},{c0:{g3:0}.{g4:6}};;14|0;0;0;{c4:23.10.11},{c0:{g3:0}.{g4:4}}|0;0;0;{c5:23.10}|0;0;0;{c0:{g3:0}.{g4:3}},{c5:23.10}|0;0;0;{c0:{g3:0}.{g4:4}},{c3:24.10},{c4:23.11.10}|0;0;0;{c5:23.10},{c0:{g3:0}.{g4:6}}|0;0;0;{c0:{g3:0}.{g4:5}},{c0:{g3:0}.{g4:3}},{c0:{g3:0}.{g4:6}},{c0:{g3:0}.{g4:4}}",,,c0:100;c3:100;c4:100;c5:100;0:80;3:77;4:65;5:64;6:60;10:60;11:65;23:81;24:76,2;1;1;1;2;1;3;1;2;2;1;2;3;2,"{""range"":{""minX"":0,""maxX"":1,""minY"":1,""maxY"":12},""keyframes"":[{""x"":0,""y"":0,""tangent"":0},{""x"":0.23943661971830985,""y"":0.5857234077354739,""tangent"":0},{""x"":0.6389244558258643,""y"":0.4030313420065931,""tangent"":0},{""x"":1,""y"":1,""tangent"":0}]}","{""range"":{""minX"":0,""maxX"":1,""minY"":0,""maxY"":0},""keyframes"":[{""x"":0,""y"":0,""tangent"":1},{""x"":1,""y"":1,""tangent"":1}]}",,0,hidden=3;frozen=1;linked=2;combined=1;timed=3;shipper=1,
6,Level 6,Normal,Normal,,0,2,"25,25,10:2,14,6:2,5:2,9,13,13,9,10:2,13,3:2,8,9,8,25,25,20%13,13,9,25,20,9,8,20,9,8,20,25,20,9,8,10:2,13,14,20%25,9,8,14,3:2,8,20,20,8,9,5:2,14,6:2,8,20,25,25,9%14,8,25,20,20,10:2,25,25,10:2,8,25,20,9,10:2,9,14,13,8$$3-1,2-3;0-4,1-6;2-7,3-9;1-9,0-11;1-11,2-13;3-14,2-16;0-15,1-17",",,,,,,,,,","0;0;0;{c1:12.{g0:13}},{c1:12.{g0:14}},{c1:12.{g0:13}}|0;0;0;{c3:24.10},{c3:24.10}|0;0;0;{c1:12.{g0:14}},{c1:12.{g0:14}}|0;0;0;{c0:{g3:0}.{g4:6}},{c0:{g3:0}.{g4:3}}|0;0;0;{c0:{g3:0}.{g4:5}},{c3:24.10}|0;0;0;{c3:24.10},{c0:{g3:0}.{g4:6}}|0;0;0;{c1:12.{g0:13}},{c0:{g3:0}.{g4:3}}|0;0;0;{c0:{g3:0}.{g4:5}},{c1:12.{g0:13}}|0;0;0;{c3:24.10},{c3:24.10}|0;0;0;{c3:24.10},{c0:{g3:0}.{g4:5}},{c1:12.{g0:13}}|0;0;0;{c1:12.{g0:14}},{c0:{g3:0}.{g4:3}}|0;0;0;{c0:{g3:0}.{g4:6}},{c3:24.10}|0;0;0;{c3:24.10},{c3:24.10},{c0:{g3:0}.{g4:5}}|0;0;0;{c3:24.10},{c1:12.{g0:14}},{c1:12.{g0:13}}|0;0;0;{c1:12.{g0:13}},{c1:12.{g0:14}}|0;0;0;{c3:24.10},{c0:{g3:0}.{g4:6}},{c0:{g3:0}.{g4:3}}",,,c0:100;c1:100;c3:100;0:82;3:45;5:46;6:46;10:81;11:28;12:80;13:71;14:70;23:26;24:77,2;3;2;2;2;2;2;2;2;3;2;2;3;3;2,"{""range"":{""minX"":0,""maxX"":1,""minY"":1,""maxY"":9},""keyframes"":[{""x"":0,""y"":0.46946482045345883,""tangent"":0.5188454666700215},{""x"":1,""y"":1,""tangent"":1}]}","{""range"":{""minX"":0,""maxX"":1,""minY"":0,""maxY"":0},""keyframes"":[{""x"":0,""y"":0,""tangent"":1},{""x"":1,""y"":1,""tangent"":1}]}",,625881352,lockKey=2;hidden=2;frozen=3;linked=2;combined=2;timed=3,
7,Level 7,Normal,Normal,,0,2,"25,7,9,11,20,7,13,20,4:2,20,20,13,9,25,7,7,9,25,13,14,10:2,25,7,13,14,10:2,20,9,25%14,10:2,7,4:2,9,9,20,6:2,20,20,9,20,6:2,7,13,13,10:2,7,14,9,9,25,14,11,9,9,13,25,14,13%9,14,13,25,7,13,3:2,20,3:2,7,20,10:2,9,9,11,14,25,7,7,13,9,25,7,7,20,14,14,25,7",",,,,,,,,,","0;0;0;{c1:12.{g0:14}},{c5:23.10.{g0:14}}|0;0;0;{c4:23.11},{c0:{g3:0}.{g4:4}},{c1:12.{g0:13}}|0;0;0;{c5:23.10.{g0:13}},{c5:23.{g0:13}},{c0:{g3:0}.{g4:3}}|0;0;0;{c0:{g3:0}.{g4:6}},{c0:{g3:0}.{g4:3}},{c0:{g3:0}.{g4:4}}|0;0;0;{c0:{g3:0}.{g4:4}},{c0:{g3:0}.{g4:6}},{c0:{g3:0}.{g4:3}}|0;0;0;{c0:{g3:0}.{g4:4}},{c5:23.{g0:13}}|0;0;0;{c0:{g3:0}.{g4:6}},{c5:23.10}|0;0;0;{c1:12.{g0:13}},{c5:23.10.{g0:13}},{c4:23.10.11}|0;0;0;{c5:23.10.{g0:14}},{c1:12.{g0:14}},{c1:12.{g0:13}}|0;0;0;{c5:23.{g0:14}},{c5:23.10},{c1:12.{g0:13}}|0;0;0;{c1:12.{g0:14}},{c4:23.11},{c1:12.{g0:13}}|0;0;0;{c5:23.10.{g0:14}},{c5:23.10.{g0:13}},{c0:{g3:0}.{g4:6}}|0;0;0;{c0:{g3:0}.{g4:3}},{c1:12.{g0:14}}|0;0;0;{c5:23.{g0:14}.10},{c1:12.{g0:14}},{c1:12.{g0:13}}",,,c0:100;c1:84;c4:81;c5:74;0:100;3:75;4:70;6:70;10:70;11:72;12:79;13:74;14:71;23:79;24:21,3;3;2;3;3;2;2;3;3;2;3;3;3;2;3,"{""range"":{""minX"":0,""maxX"":1,""minY"":1,""maxY"":10},""keyframes"":[{""x"":0,""y"":0.46946482045345883,""tangent"":0.5188454666700215},{""x"":0.4391805377720871,""y"":0.28123663152067246,""tangent"":0},{""x"":1,""y"":1,""tangent"":1}]}","{""range"":{""minX"":0,""maxX"":1,""minY"":0,""maxY"":0},""keyframes"":[{""x"":0,""y"":0,""tangent"":1},{""x"":1,""y"":1,""tangent"":1}]}",,1821797500,ingredientLock=1;lockKey=1;hidden=5;frozen=4;linked=2;combined=1;timed=3;shipper=1,
8,Level 8,Normal,Normal,,0,2,"25,15,7,20,25,14,13,7,7,7,5:2,14,20,9,14,25,14,14%13,20,14,5:2,14,15,15,13,9,10:2,9,9,15,7,15,14,15,15%15,3:2,10:2,20,20,10:2,20,10:2,7,20,7,7,9,10:2,20,15,20,20,15%20,15,9,20,9,9,15,15,13,3:2,9,11,7,13,4:2,9,15,15%4:2,9,7,4:2,7,7,9,9,9,20,7,10:2,13,25,15,7,25,20$$4-3,3-3;2-4,1-5;0-7,1-8;4-11,3-12;2-9,3-10;1-14,2-13;0-15,1-16;2-16,3-17;1-1,2-1",",,,,,,,,,","0;0;0;{c1:12.{g0:13}.{g1:15}},{c0:{g3:0}.{g4:4}.{g1:15}}|0;0;0;{c0:{g3:0}.{g4:3}.{g1:15}},{c5:23.{g0:14}.10}|0;0;0;{c5:23.10},{c0:{g3:0}.{g4:5}},{c0:{g3:0}.{g4:4}}|0;0;0;{c0:{g3:0}.{g4:4}},{c1:12.{g0:14}},{c0:{g3:0}.{g4:5}}|0;0;0;{c5:23.{g0:14}.{g1:15}.10}|0;0;0;{c5:23.{g0:13}.10.{g1:15}},{c0:{g3:0}.{g4:3}.{g1:15}}|0;0;0;{c5:23.{g0:13}.10.{g1:15}}|0;0;0;{c5:23.10},{c5:23.{g0:13}},{c4:23.10}|0;0;0;{c0:{g3:0}.{g4:3}},{c0:{g3:0}.{g4:5}},{c5:23.10},{c5:23.{g0:14}};;8|0;0;0;{c4:23.11.10},{c0:{g3:0}.{g4:4}.{g1:15}},{c5:23.10.{g0:13}}|0;0;0;{c5:23.10.{g0:13}},{c1:12.{g0:14}.{g1:15}},{c0:{g3:0}.{g4:4}.{g1:15}}|0;0;0;{c1:12.{g0:14}.{g1:15}},{c5:23.10.{g0:14}.{g1:15}}|0;0;0;{c0:{g3:0}.{g4:4}.{g1:15}},{c1:12.{g0:14}.{g1:15}}|0;0;0;{c0:{g3:0}.{g4:3}.{g1:15}},{c0:{g3:0}.{g4:5}.{g1:15}}",,,c0:100;c1:83;c4:37;c5:79;0:100;3:54;4:56;5:56;10:76;11:54;12:62;13:74;14:70;15:81;23:72;24:26,2;2;3;3;1;2;1;3;2;3;3;2;2;2,"{""range"":{""minX"":0,""maxX"":1,""minY"":1,""maxY"":10},""keyframes"":[{""x"":0,""y"":0.46946482045345883,""tangent"":0.5188454666700215},{""x"":1,""y"":1,""tangent"":1}]}","{""range"":{""minX"":0,""maxX"":1,""minY"":0,""maxY"":0},""keyframes"":[{""x"":0,""y"":0,""tangent"":1},{""x"":1,""y"":1,""tangent"":1}]}",,161030835,ingredientLock=1;lockKey=1;frozen=1;linked=2;shipper=1,
9,Level 9,Normal,Normal,,0,2,"20,10:2,14,15#2,14,15,9#2,14#2,15#2,15#2,13,10:2,13,20#2,11#2,7,10:2,7,15,15#2,25#2,7,14,20%4:2,13,15#2,20,10:2#2,25,7,15#2,9,10:2,15#2,14,15,4:2,25#2,13#2,13,14,9#2,10:2#2,13,14,15%9,9,20#2,9,25,14#2,13,25,7#2,9,9#2,15,25,9,14,9#2,15#2,20,7,20#2,15#2,9,20%7,7,6:2,7#2,13#2,15#2,25#2,14,13,7#2,7,25,14,7,9#2,7#2,9,5:2,13,15,9#2,7#2,15",",,,,,,,,,","0;0;0;{c0:{g3:0}.{g4:4}},{c5:23.10.{g0:13}},{c5:23.10.{g0:14}.{g1:15}}|0;0;0;{c0:{g3:0}.{g4:6}.{g1:15}},{c0:{g3:0}.{g4:4}},{c5:23.{g0:14}.10}|0;0;0;{c1:12.{g0:13}.{g1:15}},{c1:12.{g0:14}.{g1:15}}|0;0;0;{c5:23.10.{g0:13}},{c1:12.{g0:14}.{g1:15}}|0;0;0;{c1:12.{g0:14}.{g1:15}},{c5:23.{g0:13}.{g1:15}.10}|0;0;0;{c5:23.10.{g0:13}.{g1:15}},{c5:23.10.{g0:14}.{g1:15}},{c1:12.{g0:13}.{g1:15}},{c1:12.{g0:14}};;7|0;0;0;{c0:{g3:0}.{g4:4}},{c4:23.11},{c1:12.{g0:14}}|0;0;0;{c5:23.10.{g0:13}},{c5:23.10.{g0:13}.{g1:15}},{c5:23.10.{g0:14}}|0;0;0;{c0:{g3:0}.{g4:5}.{g1:15}},{c5:23.{g0:13}.{g1:15}.10}|0;0;0;{c0:{g3:0}.{g4:5}.{g1:15}},{c1:12.{g0:13}.{g1:15}}|0;0;0;{c5:23.10.{g0:14}},{c5:23.{g0:14}.{g1:15}},{c0:{g3:0}.{g4:6}.{g1:15}}|0;0;0;{c0:{g3:0}.{g4:4}}",,,c0:100;c1:100;c4:27;c5:100;0:100;4:100;5:100;6:100;10:85;11:71;12:88;13:84;14:92;15:78;23:78;24:30,3;3;2;2;2;2;3;3;2;2;3,"{""range"":{""minX"":0,""maxX"":1,""minY"":1,""maxY"":10},""keyframes"":[{""x"":0,""y"":0.46946482045345883,""tangent"":0.5188454666700215},{""x"":1,""y"":1,""tangent"":1}]}","{""range"":{""minX"":0,""maxX"":1,""minY"":0,""maxY"":0},""keyframes"":[{""x"":0,""y"":0,""tangent"":1},{""x"":1,""y"":1,""tangent"":1}]}",,3378190873,lockKey=2;hidden=4;frozen=4;combined=1;shipper=1,
10,Level 10,Normal,Hard,,0,2,"9,20,5:2,14,25,8,20,7,13,15,14,13,20,10:2,9,13,10:2,6:2,10:2,15,9,14,15,3:2,10:2,8,20,20%7,3:2,15,9,13,9,6:2,14,15,9,15,7,15,9,8,9,11,15,11,25,7,15,20,15,14,25,20,15%10:2,15,9,8,15,8,15,15,25,7,9,20,9,7,9,7,8,9,25,14,11,25,15,9,15,13,5:2,20%13,20,7,10:2,9,10:2,9,25,13,10:2,15,8,14,15,7,9,20,7,13,15,25,13,20,7,9,15,15$$3-1,2-3;0-5,1-7;2-9,3-11;1-11,0-13;1-15,2-18;1-19,0-21;2-21,3-23;2-24,1-26",",,,,,,,,,","0;0;0;{c5:23.10.{g0:13}},{c0:{g3:0}.{g4:3}.{g1:15}}|0;0;0;{c0:{g3:0}.{g4:5}.{g1:15}},{c5:23.10.{g0:14}},{c3:24.10}|0;0;0;{c1:12.{g0:13}.{g1:15}},{c3:24.10}|0;0;0;{c3:24.10},{c0:{g3:0}.{g4:6}.{g1:15}}|0;0;0;{c5:23.10.{g0:14}.{g1:15}},{c1:12.{g0:13}.{g1:15}}|0;0;0;{c1:12.{g0:13}.{g1:15}},{c5:23.10.{g0:14}.{g1:15}}|0;0;0;{c5:23.{g0:13}.{g1:15}.10},{c0:{g3:0}.{g4:6}.{g1:15}}|0;0;0;{c0:{g3:0}.{g4:3}.{g1:15}},{c3:24.10}|0;0;0;{c5:23.{g0:14}},{c3:24.10},{c5:23.{g0:13}}|0;0;0;{c4:23.11.10},{c3:24.10}|0;90;0;{c0:{g3:0}.{g4:6}.{g1:15}},{c4:23.10.11},{c1:12.{g0:13}.{g1:15}},{c1:12.{g0:14}.{g1:15}},{c4:23.10.11};;13|0;0;0;{c1:12.{g0:14}.{g1:15}},{c1:12.{g0:13}.{g1:15}}|0;0;0;{c0:{g3:0}.{g4:5}.{g1:15}},{c0:{g3:0}.{g4:3}.{g1:15}}|0;0;0;{c5:23.10.{g0:14}.{g1:15}},{c3:24.10}|0;0;0;{c1:12.{g0:13}.{g1:15}},{c0:{g3:0}.{g4:6}},{c0:{g3:0}.{g4:5}.{g1:15}}|0;0;0;{c0:{g3:0}.{g4:3}.{g1:15}},{c0:{g3:0}.{g4:5}}",,,c0:100;c1:100;c3:90;c4:39;c5:85;0:100;3:100;5:100;6:100;10:100;11:91;12:83;13:93;14:90;15:86;23:87;24:80,2;3;2;1;1;2;1;2;3;1;2;2;2;2;3,"{""range"":{""minX"":0,""maxX"":1,""minY"":1,""maxY"":14},""keyframes"":[{""x"":0,""y"":0,""tangent"":0.5188454666700215},{""x"":0.3034571062740077,""y"":0.7241264878331111,""tangent"":0},{""x"":0.6542893725992318,""y"":0.36427847957925463,""tangent"":0},{""x"":1,""y"":1,""tangent"":1}]}","{""range"":{""minX"":0,""maxX"":1,""minY"":0,""maxY"":0},""keyframes"":[{""x"":0,""y"":0,""tangent"":1},{""x"":1,""y"":1,""tangent"":1}]}",,3830518737,orderLock=2;frozen=1;linked=1;timed=1;shipper=1,
11,Level 11,Freeze,Normal,,0,2,"25,13,6:2,15,3:2,15,13,10:2,8,20,13,20,15,20,15,14,25,14,9,14,9,25,15%13,25,15,25,15,20,15,20,20,6:2,15,15,9,15,25,15,13,15,8,15,8,13,20%15,14,25,13,20,15,9,15,3:2,15,20,25,8,20,13,20,15,9,10:2,20,20,15,15%25,20,14,20,4:2,25,8,9,15,25,15,14,10:2,6:2,25,4:2,25,8,25,15,4:2,20$$3-2,2-4;0-4,1-6;3-8,2-10;1-11,2-13;1-14,0-16;2-17,3-19;0-19,1-22;1-0,2-2",",#2:4,#2:3,#2:4,,,,,,","0;0;0;{c1:12.{g0:13}.{g1:15}},{c1:12.{g0:13}}|0;0;0;{c1:12.{g0:14}},{c0:{g3:0}.{g4:6}.{g1:15}}|0;0;0;{c1:12.{g0:14}.{g1:15}},{c1:12.{g0:13}}|0;0;0;{c0:{g3:0}.{g4:3}.{g1:15}},{c0:{g3:0}.{g4:4}.{g1:15}}|0;0;0;{c0:{g3:0}.{g4:3}.{g1:15}},{c1:12.{g0:13}.{g1:15}},{c3:24.10}|0;0;0;{c0:{g3:0}.{g4:6}.{g1:15}},{c3:24.10}|0;0;0;{c0:{g3:0}.{g4:3}.{g1:15}},{c0:{g3:0}.{g4:6}.{g1:15}},{c1:12.{g0:13}.{g1:15}}|0;0;0;{c0:{g3:0}.{g4:4}.{g1:15}},{c0:{g3:0}.{g4:3}.{g1:15}}|0;0;0;{c1:12.{g0:14}.{g1:15}},{c3:24.10},{c0:{g3:0}.{g4:6}.{g1:15}}|0;0;0;{c0:{g3:0}.{g4:6}.{g1:15}},{c1:12.{g0:13}},{c1:12.{g0:14}.{g1:15}},{c0:{g3:0}.{g4:4}};;8|0;0;0;{c1:12.{g0:13}.{g1:15}},{c1:12.{g0:14}.{g1:15}},{c3:24.10}|0;0;0;{c3:24.10},{c1:12.{g0:14}.{g1:15}},{c0:{g3:0}.{g4:4}.{g1:15}}|0;0;0;{c3:24.10},{c0:{g3:0}.{g4:4}},{c1:12.{g0:13}.{g1:15}}|0;0;0;{c0:{g3:0}.{g4:6}.{g1:15}},{c0:{g3:0}.{g4:4}.{g1:15}}",,,c0:100;c1:100;c3:100;0:100;3:75;4:76;6:71;10:80;12:78;13:78;14:79;15:100;23:25;24:90,2;2;2;2;3;2;3;1;2;2;2;3,"{""range"":{""minX"":0,""maxX"":1,""minY"":1,""maxY"":10},""keyframes"":[{""x"":0,""y"":0,""tangent"":2},{""x"":1,""y"":1,""tangent"":0}]}","{""range"":{""minX"":0,""maxX"":1,""minY"":0,""maxY"":0},""keyframes"":[{""x"":0,""y"":0,""tangent"":1},{""x"":1,""y"":1,""tangent"":1}]}",,3776058150,blocked=1;hidden=3;frozen=3;linked=1;combined=1;timed=2;shipper=1,
12,Level 12,Normal,Normal,,0,2,"20,7,25,9,9,25,5:2,16,7,14,16,9,20,13,16,25,13,16,10:2,13,9,4:2,20,14%26:2,4:2,13,14,7,7,14,26:2,20,13,26:2,20,7,5:2,16,9,14,26:2,9,16,16,7,16,16%16,10:2,16,14,10:2,16,25,3:2,16,20,3:2,13,26:2,25,7,16,25,7,9,25,10:2,20,9,16%9,20,26:2,14,20,14,9,25,20,16,16,25,13,14,25,13,14,7,14,20,26:2,7,20",",,,,,,,,,","0;0;0;{c0:{g3:0}.{g4:4}.{g1:{g2:16}}},{c5:23.{g0:13}.10.{g1:{g2:17}}}|0;0;0;{c1:12.{g0:14}.{g1:{g2:16}}},{c0:{g3:0}.{g4:4}.{g1:{g2:17}}},{c5:23.{g0:14}.10.{g1:{g2:17}}}|0;0;0;{c5:23.10.{g0:14}.{g1:{g2:17}}},{c1:12.{g0:14}.{g1:{g2:16}}},{c0:{g3:0}.{g4:5}.{g1:{g2:17}}}|0;0;0;{c1:12.{g0:14}.{g1:{g2:16}}},{c0:{g3:0}.{g4:3}.{g1:{g2:17}}},{c5:23.10.{g0:13}.{g1:{g2:16}}};;8|0;0;0;{c1:12.{g0:14}.{g1:{g2:17}}},{c0:{g3:0}.{g4:3}.{g1:{g2:17}}},{c0:{g3:0}.{g4:5}.{g1:{g2:16}}},{c0:{g3:0}.{g4:3}.{g1:{g2:16}}}|0;0;0;{c5:23.{g0:13}.{g1:{g2:16}}},{c0:{g3:0}.{g4:5}.{g1:{g2:17}}},{c1:12.{g0:13}.{g1:{g2:16}}}|0;0;0;{c1:12.{g0:13}.{g1:{g2:16}}},{c5:23.{g0:14}.{g1:{g2:17}}}|0;0;0;{c1:12.{g0:14}.{g1:{g2:16}}},{c1:12.{g0:13}.{g1:{g2:17}}},{c1:12.{g0:13}.{g1:{g2:16}}}|0;0;0;{c5:23.{g0:14}.10.{g1:{g2:16}}},{c5:23.10.{g0:13}.{g1:{g2:16}}},{c1:12.{g0:14}.{g1:{g2:17}}}|0;0;0;{c5:23.10},{c0:{g3:0}.{g4:4}.{g1:{g2:16}}},{c0:{g3:0}.{g4:3}.{g1:{g2:17}}}|0;0;0;{c0:{g3:0}.{g4:5}.{g1:{g2:16}}},{c5:23.{g0:14}.10.{g1:{g2:17}}},{c0:{g3:0}.{g4:4}.{g1:{g2:16}}}",,,c0:100;c1:100;c5:100;0:100;3:43;4:38;5:43;10:84;11:25;12:96;13:100;14:100;16:21;17:17;18:19;19:15;23:61;24:51,2;3;2;2;4;3;2;3;2;3;3;2;2;2,"{""range"":{""minX"":0,""maxX"":1,""minY"":1,""maxY"":10},""keyframes"":[{""x"":0,""y"":0,""tangent"":2},{""x"":0.28809218950064025,""y"":0.6189401469589069,""tangent"":-2.3013306989396156},{""x"":1,""y"":1,""tangent"":0}]}","{""range"":{""minX"":0,""maxX"":1,""minY"":0,""maxY"":0},""keyframes"":[{""x"":0,""y"":0,""tangent"":1},{""x"":1,""y"":1,""tangent"":1}]}",,1878063115,ingredientLock=2;hidden=4;frozen=2;linked=2;timed=3;shipper=1;boss=1,
13,Level 13,Normal,Normal,,0,2,"20,14,20,25,13,10:2,14,25,7,7,25,20,25,7,7,25,13,20,11,11,13,9,20,27:2%27:2,5:2,4:2,14,26:2,13,25,14,10:2,13,14,26:2,13,11,11,14,25,5:2,10:2,9,25,7,6:2,20%26:2,25,20,27:2,9,9,13,27:2,14,20,20,25,27:2,10:2,20,27:2,13,9,9,7,13,14,20%25,14,6:2,25,7,7,26:2,9,9,26:2,27:2,14,9,9,4:2,25,26:2,7,7,10:2,27:2,26:2,20$$3-0,2-3;0-3,1-6;2-9,1-12;2-7,3-8;0-10,1-8;2-13,3-16;2-15,1-18;0-19,1-22;2-21,3-18",",,#2:2,,,#2:4,,,,#2:6","0;0;0;{c0:{g3:0}.{g4:5}.{g1:{g2:17}}},{c1:12.{g0:14}.{g1:{g2:18}}}|0;0;0;{c1:12.{g0:14}.{g1:{g2:18}}},{c0:{g3:0}.{g4:4}},{c0:{g3:0}.{g4:6}.{g1:{g2:17}}}|0;0;0;{c1:12.{g0:14}.{g1:{g2:18}}},{c1:12.{g0:13}.{g1:{g2:17}}}|0;0;0;{c5:23.10.{g0:13}.{g1:{g2:18}}},{c5:23.{g0:14}.10.{g1:{g2:17}}}|0;0;0;{c1:12.{g0:13}.{g1:{g2:17}}},{c1:12.{g0:14}.{g1:{g2:18}}}|0;0;0;{c5:23.10.{g0:14}.{g1:{g2:17}}},{c5:23.{g0:13}.10.{g1:{g2:18}}},{c0:{g3:0}.{g4:4}.{g1:{g2:17}}}|0;0;0;{c1:12.{g0:14}.{g1:{g2:17}}},{c0:{g3:0}.{g4:5}.{g1:{g2:18}}},{c0:{g3:0}.{g4:6}.{g1:{g2:17}}}|0;0;0;{c1:12.{g0:14}.{g1:{g2:18}}},{c1:12.{g0:13}.{g1:{g2:18}}},{c4:23.11.10}|0;0;0;{c4:23.10.11},{c0:{g3:0}.{g4:4}.{g1:{g2:18}}}|0;0;0;{c1:12.{g0:14}.{g1:{g2:18}}},{c1:12.{g0:13}.{g1:{g2:17}}},{c1:12.{g0:13}.{g1:{g2:17}}}|0;0;0;{c0:{g3:0}.{g4:5}.{g1:{g2:18}}},{c4:23.11.10}|0;0;0;{c4:23.11.10},{c5:23.10.{g0:13}.{g1:{g2:17}}},{c1:12.{g0:13}.{g1:{g2:18}}}|0;0;0;{c5:23.10.{g0:14}.{g1:{g2:17}}},{c0:{g3:0}.{g4:6}.{g1:{g2:18}}}|0;0;0;{c0:{g3:0}.{g4:4}.{g1:{g2:17}}},{c0:{g3:0}.{g4:5}.{g1:{g2:18}}}|0;0;0;{c0:{g3:0}.{g4:6}.{g1:{g2:18}}}",,,c0:100;c1:100;c4:79;c5:39;0:75;4:25;5:25;6:25;10:63;11:25;12:81;13:56;14:63;16:59;17:88;18:100;19:42;23:63,2;3;2;2;2;3;3;3;2;3;2;3;2;2,"{""range"":{""minX"":0,""maxX"":1,""minY"":1,""maxY"":11},""keyframes"":[{""x"":0,""y"":0,""tangent"":2},{""x"":0.792573623559539,""y"":0.15390579783084635,""tangent"":-2.3013306989396156},{""x"":1,""y"":1,""tangent"":0}]}","{""range"":{""minX"":0,""maxX"":1,""minY"":0,""maxY"":0},""keyframes"":[{""x"":0,""y"":0,""tangent"":1},{""x"":1,""y"":1,""tangent"":1}]}",,2531934274,blocked=1;lockKey=1;hidden=5;frozen=1,
14,Level 14,Normal,Normal,,0,2,"25,6:2#2,25,13#2,11,13,28:3#2,14#2,27:2,28:3,13,9,9,20,9,7#2,20,13,27:2#2,13#2,20#2,9#2,20,13,27:2,20#2%13,20#2,13,9#2,20,9,20,9#2,20#2,20,27:2,7,7,3:2,7#2,14#2,5:2,28:3,25#2,9#2,20#2,7,5:2,9,20#2,27:2%28:3,5:2,9#2,7,27:2#2,7,3:2,7,25#2,9#2,20,10:2,13,27:2#2,14#2,10:2#2,20,25,14#2,7#2,3:2,14,27:2,7,6:2,20#2%20,27:2,7#2,10:2,25#2,14,25,13,13,7#2,6:2#2,14,28:3#2,20#2,9#2,27:2#2,25,14,25#2,11,28:3,10:2,25,14,20#2","#2:3,#2:3,,,,#2:2,#2:1,,,","0;0;0;{c1:12.{g0:13}.{g1:{g2:19}}},{c0:{g3:0}.{g4:6}.{g1:{g2:19}}},{c0:{g3:0}.{g4:5}.{g1:{g2:18}}}|0;0;0;{c1:12.{g0:13}.{g1:{g2:18}}},{c5:23.{g0:13}.{g1:{g2:19}}}|0;0;0;{c4:23.10.11},{c0:{g3:0}.{g4:5}.{g1:{g2:18}}}|0;0;0;{c1:12.{g0:13}.{g1:{g2:18}}},{c5:23.{g0:14}.{g1:{g2:19}}},{c0:{g3:0}.{g4:3}.{g1:{g2:19}}},{c1:12.{g0:14}.{g1:{g2:19}}};;8|0;0;0;{c5:23.{g0:13}.{g1:{g2:18}}},{c0:{g3:0}.{g4:3}.{g1:{g2:18}}}|0;0;0;{c1:12.{g0:13}.{g1:{g2:19}}},{c0:{g3:0}.{g4:6}.{g1:{g2:19}}}|0;0;0;{c5:23.{g0:13}.{g1:{g2:18}}.10},{c0:{g3:0}.{g4:6}.{g1:{g2:18}}},{c5:23.10.{g0:14}.{g1:{g2:19}}}|0;0;0;{c5:23.{g0:13}.{g1:{g2:19}}},{c0:{g3:0}.{g4:3}.{g1:{g2:18}}}|0;0;0;{c0:{g3:0}.{g4:6}.{g1:{g2:18}}},{c5:23.10.{g0:14}.{g1:{g2:19}}},{c5:23.{g0:14}.10.{g1:{g2:18}}}|0;0;0;{c0:{g3:0}.{g4:5}.{g1:{g2:18}}},{c0:{g3:0}.{g4:3}.{g1:{g2:19}}}|0;0;0;{c1:12.{g0:13}.{g1:{g2:19}}},{c1:12.{g0:14}.{g1:{g2:18}}}|0;0;0;{c1:12.{g0:14}.{g1:{g2:18}}},{c1:12.{g0:13}.{g1:{g2:19}}},{c4:23.10.11}|0;0;0;{c0:{g3:0}.{g4:5}.{g1:{g2:19}}},{c0:{g3:0}.{g4:3}.{g1:{g2:19}}}|0;0;0;{c5:23.{g0:14}.10.{g1:{g2:19}}},{c0:{g3:0}.{g4:5}.{g1:{g2:18}}},{c1:12.{g0:13}.{g1:{g2:18}}}|0;0;0;{c5:23.10.{g0:14}.{g1:{g2:18}}},{c0:{g3:0}.{g4:6}.{g1:{g2:18}}}|0;0;0;{c0:{g3:0}.{g4:6}.{g1:{g2:19}}},{c0:{g3:0}.{g4:5}.{g1:{g2:18}}},{c0:{g3:0}.{g4:3}.{g1:{g2:18}}}",,,c0:100;c1:84;c4:24;c5:81;0:100;3:55;5:50;6:54;10:81;11:100;12:72;13:100;14:100;18:56;19:51;23:89;24:28,3;2;2;3;2;2;3;2;3;2;2;2;2;3;2,"{""range"":{""minX"":0,""maxX"":1,""minY"":1,""maxY"":12},""keyframes"":[{""x"":0,""y"":0,""tangent"":0},{""x"":1,""y"":1,""tangent"":0}]}","{""range"":{""minX"":0,""maxX"":1,""minY"":0,""maxY"":1},""keyframes"":[{""x"":0,""y"":0,""tangent"":1},{""x"":1,""y"":1,""tangent"":1}]}",,0,hidden=3;frozen=1;linked=2;combined=1;timed=3;shipper=1,
15,Level 15,Stormy,Super Hard,,0,2,"20,16,3:2#2,25#2,16#2,7,8,7,7,20,13#2,7#2,16,13#2,16#2,14#2,9,13,14,8#2,28:3,7#2,8,20%6:2,25,16#2,13,20,14#2,20,13,13,25#2,25,13#2,25,10:2,20#2,28:3#2,8#2,9,27:2,20,20#2,10:2,20#2,20%28:3,14,9,20#2,3:2,10:2,16#2,10:2,25#2,14,14,28:3#2,14,9#2,4:2#2,20#2,10:2,8,25,16#2,4:2,14#2,3:2,16%25,27:2,7#2,4:2,27:2,28:3#2,20,27:2,14,27:2#2,16,20#2,9,7,16#2,20#2,9#2,10:2,13,25,27:2#2,16,16#2%13,20,14#2,20#2,9#2,9,9,9,16,25,9#2,6:2#2,7,13#2,25#2,3:2#2,7,25,9,14#2,9,9#2,20$$0-1,1-3;3-1,4-4;3-5,2-8;0-10,1-10;2-10,3-12;4-14,3-17;1-15,2-17;1-19,0-21;2-22,3-20","#2:2,,,,#2:2,#2:4,,,,#2:4","0;0;0;{c0:{g3:0}.{g4:6}.{g1:{g2:19}}},{c1:12.{g0:13}.{g1:{g2:16}}}|0;0;0;{c1:12.{g0:14}.{g1:{g2:18}}},{c0:{g3:0}.{g4:3}.{g1:{g2:16}}},{c5:23.{g0:14}.{g1:{g2:19}}}|0;0;0;{c1:12.{g0:13}.{g1:{g2:18}}},{c0:{g3:0}.{g4:4}.{g1:{g2:19}}},{c0:{g3:0}.{g4:3}.{g1:{g2:16}}}|0;0;0;{c0:{g3:0}.{g4:3}.{g1:{g2:18}}},{c5:23.{g0:14}.10.{g1:{g2:19}}}|0;0;0;{c3:24.10},{c0:{g3:0}.{g4:4}.{g1:{g2:16}}},{c0:{g3:0}.{g4:3}.{g1:{g2:18}}}|0;0;0;{c5:23.{g0:13}.10.{g1:{g2:18}}},{c5:23.10.{g0:13}.{g1:{g2:19}}}|0;0;0;{c1:12.{g0:14}.{g1:{g2:16}}},{c0:{g3:0}.{g4:6}.{g1:{g2:18}}},{c1:12.{g0:14}.{g1:{g2:18}}}|0;0;0;{c1:12.{g0:13}.{g1:{g2:19}}},{c1:12.{g0:14}.{g1:{g2:16}}},{c5:23.{g0:13}.{g1:{g2:19}}}|0;0;0;{c0:{g3:0}.{g4:6}.{g1:{g2:16}}},{c1:12.{g0:14}.{g1:{g2:19}}}|0;0;0;{c5:23.{g0:13}.10.{g1:{g2:19}}},{c5:23.{g0:13}.10.{g1:{g2:16}}}|0;90;0;{c0:{g3:0}.{g4:4}.{g1:{g2:16}}},{c1:12.{g0:14}.{g1:{g2:19}}},{c0:{g3:0}.{g4:4}.{g1:{g2:18}}},{c0:{g3:0}.{g4:3}.{g1:{g2:19}}},{c3:24.10};;14|0;0;0;{c5:23.10.{g0:13}.{g1:{g2:19}}},{c3:24.10},{c1:12.{g0:14}.{g1:{g2:18}}}|0;0;0;{c1:12.{g0:13}.{g1:{g2:18}}},{c3:24.10}|0;0;0;{c0:{g3:0}.{g4:3}.{g1:{g2:16}}},{c1:12.{g0:14}.{g1:{g2:19}}}|0;0;0;{c0:{g3:0}.{g4:4}.{g1:{g2:18.19}}},{c5:23.10.{g0:14}.{g1:{g2:16}}},{c3:24.10}|0;0;0;{c0:{g3:0}.{g4:3}.{g1:{g2:16}}},{c0:{g3:0}.{g4:6}.{g1:{g2:19}}}|0;0;0;{c0:{g3:0}.{g4:3}.{g1:{g2:18}}},{c0:{g3:0}.{g4:4}.{g1:{g2:16}}}",,,c0:100;c1:84;c3:39;c5:100;0:100;3:66;4:50;6:41;10:100;11:21;12:81;13:100;14:100;16:62;18:64;19:71;23:89;24:64,2;3;3;2;3;2;3;3;2;2;4;3;3;2;3;2,"{""range"":{""minX"":0,""maxX"":1,""minY"":1,""maxY"":14},""keyframes"":[{""x"":0,""y"":0.3421339867636326,""tangent"":2},{""x"":0.17797695262483992,""y"":0.10408068899569689,""tangent"":-2.3013306989396156},{""x"":0.42381562099871956,""y"":0.6743013789979617,""tangent"":0},{""x"":0.7080665813060179,""y"":0.39749521880268746,""tangent"":0},{""x"":1,""y"":1,""tangent"":0}]}","{""range"":{""minX"":0,""maxX"":1,""minY"":0,""maxY"":0},""keyframes"":[{""x"":0,""y"":0,""tangent"":2.7412756629867028},{""x"":1,""y"":1,""tangent"":1}]}",,3460458109,orderLock=2;frozen=2;timed=1,
16,Level 16,Normal,Normal,,0,2,"20,6:2,16,20,5:2,9,9,27:2,3:2,10:2,8,15,8,9,5:2,8,20#1:2,8,20,15,20,15,27:2,20%4:2,16,9,9,15,8#1:3,8,9,15,9,10:2,9,10:2,8,16,20,20,9,15,20,6:2,9#1:3,20,15%27:2,20,8,8,20,20,10:2,8,9,8,20,8#1:3,9,10:2,20,6:2,16,8,20,3:2,20,8,16%20#1:3,3:2,10:2,20,15,16,20,20,8,9,4:2,9,8,20,9,27:2,9,10:2,4:2#1:2,27:2,5:2,20,20",",,,,,,,,,","0;0;0;{c0:{g3:0}.{g4:4}.{g1:{g2:18}}},{c0:{g3:0}.{g4:6}.{g1:{g2:16}}}|0;0;0;{c0:{g3:0}.{g4:3}.{g1:{g2:16}}},{c3:24.10}|0;0;0;{c0:{g3:0}.{g4:4}.{g1:{g2:18}}},{c3:24.10},{c0:{g3:0}.{g4:5}.{g1:15}}|0;0;0;{c0:{g3:0}.{g4:3}.{g1:15}},{c3:24},{c0:{g3:0}.{g4:5}.{g1:{g2:16}}},{c3:24.10};;9|0;0;0;{c0:{g3:0}.{g4:6}.{g1:{g2:18}}},{c3:24.10}|0;0;0;{c0:{g3:0}.{g4:3}.{g1:15}},{c3:24.10},{c3:24.10}|0;0;0;{c3:24.10},{c0:{g3:0}.{g4:4}.{g1:15}}|0;0;0;{c3:24.10},{c3:24.10}|0;0;0;{c3:24.10},{c3:24.10},{c0:{g3:0}.{g4:5}.{g1:{g2:16}}}|0;0;0;{c0:{g3:0}.{g4:4}.{g1:{g2:18}}},{c3:24},{c0:{g3:0}.{g4:6}.{g1:{g2:18}}}|0;0;0;{c0:{g3:0}.{g4:5}.{g1:{g2:18}}},{c0:{g3:0}.{g4:3}.{g1:{g2:16}}}|0;0;0;{c3:24.10},{c3:24.10},{c0:{g3:0}.{g4:6}.{g1:15}}|0;0;0;{c0:{g3:0}.{g4:4}.{g1:15}},{c0:{g3:0}.{g4:3}.{g1:{g2:18}}}|0;0;0;{c0:{g3:0}.{g4:6}.{g1:{g2:18}}},{c0:{g3:0}.{g4:5}.{g1:15}},{c3:24.10}|0;0;0;{c0:{g3:0}.{g4:4}.{g1:{g2:18}}},{c0:{g3:0}.{g4:6}.{g1:{g2:16}}},{c0:{g3:0}.{g4:3}.{g1:{g2:18}}},{c0:{g3:0}.{g4:5}.{g1:15}}",,,c0:100;c3:100;0:100;3:67;4:69;5:63;6:63;10:100;11:19;12:47;13:32;14:26;15:76;16:68;18:79;23:26;24:69,2;2;3;3;2;3;2;2;3;3;2;3;2;3,"{""range"":{""minX"":0,""maxX"":1,""minY"":1,""maxY"":10},""keyframes"":[{""x"":0,""y"":0.3421339867636326,""tangent"":2},{""x"":0.17797695262483992,""y"":0.10408068899569689,""tangent"":-2.3013306989396156},{""x"":0.42381562099871956,""y"":0.6743013789979617,""tangent"":0},{""x"":0.7080665813060179,""y"":0.39749521880268746,""tangent"":0},{""x"":1,""y"":1,""tangent"":0}]}","{""range"":{""minX"":0,""maxX"":1,""minY"":0,""maxY"":2},""keyframes"":[{""x"":0,""y"":0,""tangent"":1},{""x"":1,""y"":1,""tangent"":1}]}",,0,hidden=3;frozen=1;linked=2;combined=1;timed=3;shipper=1,
17,Level 17,Normal,Normal,,0,2,"25,9,8,20,16,8,16,6:2,15,20,14#1:4,8,9,15,16,14,26:2,20,8,16,25#1:4,9,10:2,13,4:2,8,25,16%13,8,20,4:2,20#1:5,25,20,15,9,4:2,16,9,8,20,20#1:5,20,9,16,10:2,20,13,8,9#1:4,15,26:2,10:2,13%26:2,10:2,6:2,26:2,16,14,5:2,25#1:4,8,16,26:2,8,10:2,5:2,15,6:2,8,26:2#1:6,25,5:2,26:2,9,8,20,16,9,15%16,9,16#1:7,20,9,26:2,20,14,10:2,25,9,20,20,26:2,25#1:4,16,20,9,14,15,16,8,25,20,9,8,20",",,,,,,,,,","0;0;0;{c1:12.{g0:13}.{g1:{g2:17.16}}},{c3:24.10},{c3:24}|0;0;0;{c0:{g3:0}.{g4:6}.{g1:{g2:17.16}}},{c0:{g3:0}.{g4:4}.{g1:{g2:17}}}|0;0;0;{c0:{g3:0}.{g4:6}.{g1:{g2:16}}},{c0:{g3:0}.{g4:4}.{g1:{g2:17.16}}}|0;0;0;{c3:24.10},{c1:12.{g0:14}.{g1:{g2:17.16}}},{c0:{g3:0}.{g4:5}.{g1:{g2:17}}}|0;0;0;{c0:{g3:0}.{g4:6}.{g1:15}},{c1:12.{g0:14}.{g1:15}}|0;0;0;{c3:24.10},{c0:{g3:0}.{g4:4}.{g1:{g2:16}}},{c1:12.{g0:14}.{g1:{g2:16.17}}}|0;0;0;{c3:24.10},{c3:24},{c0:{g3:0}.{g4:5}.{g1:{g2:17}}},{c3:24.10}|0;0;0;{c0:{g3:0}.{g4:4}.{g1:15}},{c0:{g3:0}.{g4:5}.{g1:{g2:17.16}}},{c0:{g3:0}.{g4:6}.{g1:15}}|0;0;0;{c1:12.{g0:14}.{g1:{g2:17}}},{c0:{g3:0}.{g4:6}.{g1:{g2:16.17}}},{c3:24.10}|0;0;0;{c0:{g3:0}.{g4:5}.{g1:{g2:17}}},{c0:{g3:0}.{g4:6}.{g1:{g2:16.17}}}|0;0;0;{c3:24.10},{c1:12.{g0:14}.{g1:{g2:17.16}}},{c0:{g3:0}.{g4:5}.{g1:15}}|0;0;0;{c1:12.{g0:13}.{g1:{g2:17.16}}},{c3:24.10}|0;0;0;{c3:24.10},{c3:24.10},{c1:12.{g0:13}.{g1:15}},{c0:{g3:0}.{g4:5}.{g1:{g2:17}}};;9|0;0;0;{c0:{g3:0}.{g4:4}.{g1:{g2:17.16}}},{c3:24.10}|0;0;0;{c3:24.10},{c1:12.{g0:13}.{g1:15}},{c0:{g3:0}.{g4:4}.{g1:{g2:17.16}}}",,,c0:100;c1:84;c3:74;0:100;4:68;5:67;6:65;10:89;11:66;12:73;13:100;14:100;15:37;16:87;17:84;23:29;24:73,3;2;2;3;2;3;4;3;3;3;3;2;3;2;3;3,"{""range"":{""minX"":0,""maxX"":1,""minY"":1,""maxY"":12},""keyframes"":[{""x"":0,""y"":0,""tangent"":2},{""x"":1,""y"":1,""tangent"":0}]}","{""range"":{""minX"":0,""maxX"":1,""minY"":0,""maxY"":1},""keyframes"":[{""x"":0,""y"":0,""tangent"":1},{""x"":1,""y"":1,""tangent"":1}]}",,497766933,lockKey=2;hidden=1;frozen=4;shipper=1,
18,Level 18,Normal,Normal,,0,2,"25,25#2,14#2,10:2,20,9#1:3,20,27:2#2,9#2,13,16,25#2,16,25#2,20,20,20#1:6,28:3,9#2,10:2,16#2,9,8#2,20#2,13,20%14,13#2,16#2,20,6:2,8,5:2,25#2,8#2,16#1:4,27:2,13,25#2,13,6:2,3:2,16,9#2,8,20#2,9,8,25#2,5:2#2,27:2,25%27:2,16#2,9#1:5,3:2,27:2,20,20,14#2,10:2#2,25,9,20#2,14,16#2,25,16,25,8,9#2,5:2,8#2,10:2#1:3,14#2,28:3#2,20,13%28:3,25#2,8#2,16,28:3,16#1:3,16,28:3#2,25#2,14,8,27:2,28:3#2,27:2,14#1:7,27:2,13,10:2#2,8,27:2#2,20,9,27:2#2,25#2,16,16",",,,,,,,,,","0;0;0;{c1:12.{g0:14}.{g1:{g2:18.19}}},{c1:12.{g0:13}.{g1:{g2:16.19}}}|0;0;0;{c1:12.{g0:14}.{g1:{g2:18.16}}},{c3:24.10},{c0:{g3:0}.{g4:3}.{g1:{g2:19.16}}}|0;0;0;{c0:{g3:0}.{g4:6}.{g1:{g2:18.19}}},{c3:24.10}|0;0;0;{c0:{g3:0}.{g4:3}.{g1:{g2:19.16}}},{c0:{g3:0}.{g4:5}.{g1:{g2:18.19}}},{c0:{g3:0}.{g4:6}.{g1:{g2:16.18}}}|0;0;0;{c1:12.{g0:14}.{g1:{g2:19.18}}},{c3:24.10}|0;0;0;{c1:12.{g0:13}.{g1:{g2:19.16}}},{c1:12.{g0:14}.{g1:{g2:16.18}}},{c3:24.10}|0;0;0;{c1:12.{g0:13}.{g1:{g2:18.19}}},{c0:{g3:0}.{g4:5}.{g1:{g2:18.16}}}|0;0;0;{c1:12.{g0:14}.{g1:{g2:19.18}}},{c1:12.{g0:13}.{g1:{g2:16.18}}},{c0:{g3:0}.{g4:6}.{g1:{g2:18.19}}},{c1:12.{g0:14}};;8|0;0;0;{c0:{g3:0}.{g4:3}.{g1:{g2:16.18}}},{c0:{g3:0}.{g4:6}.{g1:{g2:16.19}}}|0;0;0;{c1:12.{g0:13}.{g1:{g2:18.19}}},{c3:24.10},{c3:24.10}|0;0;0;{c3:24.10},{c0:{g3:0}.{g4:5}.{g1:{g2:18.16}}}|0;0;0;{c3:24.10},{c0:{g3:0}.{g4:5}.{g1:{g2:18.19}}},{c3:24.10}|0;0;0;{c3:24.10},{c1:12.{g0:14}.{g1:{g2:19.18}}}|0;0;0;{c0:{g3:0}.{g4:5}.{g1:{g2:18.19}}}|0;0;0;{c1:12.{g0:13}.{g1:{g2:19.18}}},{c0:{g3:0}.{g4:3}.{g1:{g2:16.19}}},{c0:{g3:0}.{g4:5}.{g1:{g2:18}}},{c1:12.{g0:13}.{g1:{g2:16}}};;10",,,c0:100;c1:74;c3:58;0:100;3:68;5:54;6:57;10:100;11:15;12:100;13:100;14:100;16:74;18:74;19:70;23:23;24:58,2;3;2;3;2;3;2;3;2;3;2;3;3;2;3,"{""range"":{""minX"":0,""maxX"":1,""minY"":1,""maxY"":11},""keyframes"":[{""x"":0,""y"":0.3421339867636326,""tangent"":2},{""x"":0.17797695262483992,""y"":0.10408068899569689,""tangent"":-2.3013306989396156},{""x"":0.42381562099871956,""y"":0.6743013789979617,""tangent"":0},{""x"":0.7080665813060179,""y"":0.39749521880268746,""tangent"":0},{""x"":1,""y"":1,""tangent"":0}]}","{""range"":{""minX"":0,""maxX"":1,""minY"":0,""maxY"":0},""keyframes"":[{""x"":0,""y"":0,""tangent"":1},{""x"":1,""y"":1,""tangent"":1}]}",,4185373131,ingredientLock=2;hidden=5;frozen=1;timed=3;shipper=1;boss=1,
19,Level 19,Normal,Normal,,0,2,"20,9,6:2,25,27:2#1:3,28:3,25,10:2,13,27:2,26:2,6:2,4:2,26:2,14,27:2,26:2,9,10:2,8#1:3,25,20,20,27:2%4:2,8,27:2,13,9,26:2,13,25,28:3,20,25,9,28:3,20#1:3,26:2,28:3,9,8,25,20,14,9,26:2,20%28:3,10:2,25,20,8,9,9,13,20#1:3,20,13,8,20,6:2,20,20,8,9,14,3:2,26:2,8,25%26:2,20,14,3:2,20,8,8,25,26:2,3:2,20,20,27:2,25,20,4:2,10:2#1:4,8,9,27:2,28:3,10:2,13$$3-0,2-2;0-6,1-9;2-13,3-14;1-22,2-21;0-1,1-1",",,,,,,,,,","0;0;0;{c0:{g3:0}.{g4:4}.{g1:{g2:19.17}}},{c3:24.10}|0;0;0;{c0:{g3:0}.{g4:6}.{g1:{g2:18.19}}},{c1:12.{g0:14}.{g1:{g2:18.17}}},{c1:12.{g0:13}.{g1:{g2:19}}}|0;0;0;{c0:{g3:0}.{g4:3}.{g1:{g2:18}}},{c3:24.10},{c0:{g3:0}.{g4:4}.{g1:{g2:19.17}}}|0;0;0;{c3:24.10},{c1:12.{g0:13}.{g1:{g2:19.17}}}|0;0;0;{c3:24.10},{c1:12.{g0:13}.{g1:{g2:19.18}}}|0;0;0;{c1:12.{g0:13}.{g1:{g2:19}}},{c0:{g3:0}.{g4:6}.{g1:{g2:17.18}}},{c0:{g3:0}.{g4:3}.{g1:{g2:17.19}}}|0;0;0;{c0:{g3:0}.{g4:3}.{g1:{g2:18.17}}},{c1:12.{g0:13}},{c0:{g3:0}.{g4:6}.{g1:{g2:19.17}}}|0;0;0;{c3:24.10},{c0:{g3:0}.{g4:4}.{g1:{g2:19}}}|0;0;0;{c0:{g3:0}.{g4:6}.{g1:{g2:18.17}}},{c0:{g3:0}.{g4:6}.{g1:{g2:19.17}}}|0;0;0;{c1:12.{g0:14}.{g1:{g2:19.17}}},{c0:{g3:0}.{g4:4}.{g1:{g2:17.18}}},{c0:{g3:0}.{g4:3}.{g1:{g2:18.19}}}|0;0;0;{c0:{g3:0}.{g4:4}.{g1:{g2:19.17}}},{c3:24.10}|0;0;0;{c3:24.10},{c3:24.10},{c1:12.{g0:14}.{g1:{g2:18.17}}}|0;0;0;{c3:24.10},{c0:{g3:0}.{g4:3}.{g1:{g2:19.18}}},{c1:12.{g0:14}.{g1:{g2:17.19}}}|0;0;0;{c0:{g3:0}.{g4:4}.{g1:{g2:17.19}}},{c3:24.10},{c0:{g3:0}.{g4:6}.{g1:{g2:18.17}}}|0;0;0;{c1:12.{g0:13}.{g1:{g2:18.19}}},{c0:{g3:0}.{g4:3}.{g1:{g2:17.18}}}",,,c0:100;c1:76;c3:65;0:100;3:64;4:66;6:68;10:100;11:7;12:81;13:100;14:100;17:60;18:56;19:56;23:4;24:78,2;3;3;2;2;3;3;2;2;3;2;3;3;3;2,"{""range"":{""minX"":0,""maxX"":1,""minY"":1,""maxY"":12},""keyframes"":[{""x"":0,""y"":0,""tangent"":0},{""x"":1,""y"":1,""tangent"":0}]}","{""range"":{""minX"":0,""maxX"":1,""minY"":0,""maxY"":0},""keyframes"":[{""x"":0,""y"":0,""tangent"":1},{""x"":1,""y"":1,""tangent"":1}]}",,2777798286,ingredientLock=1;lockKey=1;frozen=3;linked=1,
20,Level 20,Normal,Normal,,0,2,"20,5:2,16,9#2,8#1:4,28:3,9,7#2,16,28:3,9,20,16,5:2#1:3#2,20,26:2,20#2,20,14,28:3,13,9#2,8#2,28:3#2,16,20%6:2,28:3,25#2,7#2,10:2,25,8,13#2,9#2,27:2,7,26:2,20#2,27:2#2,9,28:3,27:2#2,3:2#2,26:2#1:4,9,27:2,7,9#2,16#2,20,16%27:2,16#2,13#2,13#2,25,14,20,26:2#1:4#2,8#2,9,10:2,9,26:2#2,20#2,8,9,16#1:5#2,16#2,20#2,8,16,14,7,9#2,26:2,25%26:2,25,9#2,26:2#2,13,16,3:2,25#2,20#2,7,13,8#1:5,28:3#2,4:2#2,10:2,7,20#2,9#2,5:2,10:2,25,16,10:2#2,7#2,20,14%20,14,8,9#1:4#2,16,27:2,9,13,4:2#2,14,16,20,20#2,16,20,13,6:2#2,7,16,25,14#1:4,9#2,13#2,14#2,27:2$$0-2,1-3;2-10,1-10;3-17,4-17;1-20,0-20;2-22,3-24;2-14,3-13",",,,,,,,,,","0;0;0;{c0:{g3:0}.{g4:6}.{g1:{g2:18.17}}},{c0:{g3:0}.{g4:5}.{g1:{g2:19.16}}},{c1:12.{g0:14}.{g1:{g2:16.17}}}|0;0;0;{c1:12.{g0:13}.{g1:{g2:18.19}}},{c3:24}|0;0;0;{c5:23.{g0:13}.{g1:{g2:19.17}}},{c3:24.10},{c1:12.{g0:13}.{g1:{g2:16.19}}}|0;0;0;{c1:12.{g0:14}.{g1:{g2:16.18}}},{c3:24},{c0:{g3:0}.{g4:3}.{g1:{g2:17.19}}}|0;0;0;{c5:23.10.{g0:13}.{g1:{g2:17.19}}},{c1:12.{g0:13}.{g1:{g2:16.18}}}|0;0;0;{c3:24},{c0:{g3:0}.{g4:4}.{g1:{g2:19.18}}},{c5:23.{g0:14}.{g1:{g2:17.19}}}|0;0;0;{c5:23.10.{g0:13}.{g1:{g2:19.16}}},{c0:{g3:0}.{g4:4}.{g1:{g2:17.18}}}|0;0;0;{c3:24.10},{c0:{g3:0}.{g4:5}.{g1:{g2:17.16}}}|0;90;0;{c0:{g3:0}.{g4:6}.{g1:{g2:17.19}}},{c0:{g3:0}.{g4:5}.{g1:{g2:18.17}}},{c0:{g3:0}.{g4:4}.{g1:{g2:19.16}}},{c0:{g3:0}.{g4:3}.{g1:{g2:18.19}}},{c3:24.10};;13|0;0;0;{c0:{g3:0}.{g4:4}.{g1:{g2:17.19}}},{c5:23.{g0:13}.{g1:{g2:19}}},{c0:{g3:0}.{g4:5}.{g1:{g2:18.16}}}|0;0;0;{c0:{g3:0}.{g4:6}.{g1:{g2:17.18}}},{c0:{g3:0}.{g4:3}.{g1:{g2:16.19}}}|0;0;0;{c5:23.10.{g0:14}.{g1:{g2:17}}},{c0:{g3:0}.{g4:5}.{g1:{g2:16.19}}},{c3:24.10}|0;0;0;{c1:12.{g0:13}.{g1:{g2:18.16}}},{c1:12.{g0:14}.{g1:{g2:19.17}}},{c5:23.{g0:14}.{g1:{g2:16.19}}}|0;0;0;{c3:24.10},{c5:23.10.{g0:13}.{g1:{g2:19.16}}}|0;0;0;{c5:23.10.{g0:14}.{g1:{g2:19.16}}},{c0:{g3:0}.{g4:3}.{g1:{g2:18.17}}}|0;0;0;{c0:{g3:0}.{g4:6}.{g1:{g2:18.19}}},{c0:{g3:0}.{g4:5}.{g1:{g2:16}}},{c1:12.{g0:14}.{g1:{g2:18.17}}}",,,c0:100;c1:81;c3:46;c5:63;0:100;3:51;4:43;5:43;6:43;10:69;11:24;12:100;13:100;14:100;16:56;17:45;18:45;19:41;23:78;24:78,3;2;3;3;2;3;2;3;4;3;2;3;3;2;2;3,"{""range"":{""minX"":0,""maxX"":1,""minY"":1,""maxY"":12},""keyframes"":[{""x"":0,""y"":0,""tangent"":0},{""x"":1,""y"":1,""tangent"":0}]}","{""range"":{""minX"":0,""maxX"":1,""minY"":0,""maxY"":0},""keyframes"":[{""x"":0,""y"":0,""tangent"":1},{""x"":1,""y"":1,""tangent"":1}]}",,394137420,ingredientLock=1;lockKey=1;hidden=4;frozen=4;combined=2;timed=2,
21,Level 21,Normal,Normal,,0,2,"9,7,10:2,9,7,6:2,9,5:2#1:5,20,10:2,9,28:3,15,9,9,8,7,9,10:2,6:2#1:3,9,9,7,8,7,7,9,20,20,7,10:2,20,20%7,8,13,7,13,20,8,28:3,26:2,20,7,26:2,9,7#1:3,7,20,11,20,28:3,7,7,7,13,20,14#1:4,13,7,5:2,6:2,11,20,28:3,26:2%10:2,9,28:3#1:3,11,15,4:2,10:2,9,9,4:2,14,20,7,10:2,11,15,9#1:7,26:2,9,14,11,11,10:2,15,15,28:3,11,15,15,9,4:2,9,20%9,11,26:2,9,20,26:2#1:5,20,8,8,15,20,5:2,13,11,9,9,7,20,8,26:2,9,10:2,9,26:2,9,9,10:2#1:3,20,9,8,26:2,8$$0-2,1-5;2-4,3-1;1-8,2-11;0-14,1-17;2-14,3-12;3-18,2-20;1-21,2-24;1-25,0-28;1-29,2-31",",,,,,,,,,","0;0;0;{c4:23.10.11},{c3:24.10},{c5:23.10.{g0:13}.{g1:{g2:19.17}}}|0;0;0;{c4:23.11},{c5:23.10.{g0:13}.{g1:15}},{c0:{g3:0}.{g4:6}.{g1:{g2:19.17}}}|0;0;0;{c0:{g3:0}.{g4:4}.{g1:{g2:17.19}}},{c3:24.10}|0;0;0;{c0:{g3:0}.{g4:5}.{g1:{g2:17.19}}},{c3:24.10},{c0:{g3:0}.{g4:4}.{g1:{g2:17.19}}}|0;0;0;{c3:24.10},{c0:{g3:0}.{g4:4}.{g1:15}}|0;0;0;{c5:23.{g0:14}.10.{g1:{g2:17.19}}},{c0:{g3:0}.{g4:5}.{g1:{g2:19.17}}},{c0:{g3:0}.{g4:5}.{g1:15}},{c5:23.{g0:13}.{g1:{g2:17.19}}};;9|0;0;0;{c4:23.10.11},{c4:23.11}|0;0;0;{c3:24.10},{c0:{g3:0}.{g4:6}.{g1:15}}|0;0;0;{c4:23.11},{c4:23.10},{c0:{g3:0}.{g4:5}.{g1:{g2:17.19}}}|0;0;0;{c0:{g3:0}.{g4:6}.{g1:{g2:17.19}}},{c3:24.10},{c5:23.{g0:14}.{g1:{g2:19.17}}}|0;0;0;{c4:23.11.10},{c4:23.10.11}|0;0;0;{c5:23.{g0:13}.10.{g1:{g2:19.17}}},{c3:24.10},{c0:{g3:0}.{g4:6}.{g1:15}}|0;0;0;{c5:23.{g0:14}.{g1:15}},{c5:23.{g0:13}.{g1:{g2:19.17}}},{c4:23.11.10}|0;0;0;{c0:{g3:0}.{g4:5}.{g1:15}},{c0:{g3:0}.{g4:4}.{g1:{g2:19.17}}}|0;0;0;{c0:{g3:0}.{g4:6}.{g1:15}},{c4:23.11.10},{c3:24.10}|0;0;0;{c0:{g3:0}.{g4:4}.{g1:{g2:19.17}}},{c0:{g3:0}.{g4:5}.{g1:{g2:19.17}}}|0;0;0;{c3:24.10},{c0:{g3:0}.{g4:4}.{g1:{g2:19.17}}},{c0:{g3:0}.{g4:6}.{g1:{g2:19.17}}};;8",,,c0:100;c3:87;c4:84;c5:66;0:100;4:54;5:53;6:53;10:86;11:69;12:100;13:100;14:100;15:51;17:50;19:54;23:89;24:79,3;3;2;3;2;2;2;2;3;3;2;3;3;2;3;2,"{""range"":{""minX"":0,""maxX"":1,""minY"":1,""maxY"":10},""keyframes"":[{""x"":0,""y"":0,""tangent"":0},{""x"":1,""y"":1,""tangent"":0}]}","{""range"":{""minX"":0,""maxX"":1,""minY"":0,""maxY"":0},""keyframes"":[{""x"":0,""y"":0,""tangent"":1},{""x"":1,""y"":1,""tangent"":1}]}",,1214370738,lockKey=2;frozen=1;linked=1;combined=2;timed=1;shipper=1;boss=1,
22,Level 22,Normal,Normal,,0,2,"20,20,8,27:2,20,20,7,16,7,6:2,20,9,16,9,27:2,16,13,9,8,16,8,9,9,6:2,7,7,11,11,9,27:2%3:2,6:2,10:2,16,3:2,16,9,20,10:2,27:2,28:3,7,20,7,16,9,16,7,10:2,20,20,7,7,16,11,14,10:2,9,7,16%28:3,16,20,20,16,27:2,7,28:3,11,16,16,20,5:2,11,20,7,27:2,11,20,27:2,16,10:2,11,27:2,10:2,9,9,8,11,20%27:2,9,5:2,16,28:3,9,13,9,20,20,27:2,6:2,16,20,6:2,10:2,28:3,9,3:2,9,28:3,11,20,9,9,7,7,10:2,20,16$$2-3,3-1;1-2,0-4;2-5,3-8;2-8,1-11;0-13,1-16;2-20,3-17;0-21,1-24;2-27,3-25;2-22,3-23;0-7,1-6","#2:1,,#2:5,,#2:3,#2:2,,,,#2:4","0;0;0;{c0:{g3:0}.{g4:3}.{g1:{g2:19.18}}},{c0:{g3:0}.{g4:6}.{g1:{g2:18.16.19}}}|0;0;0;{c3:24.10},{c0:{g3:0}.{g4:5}.{g1:{g2:18.16}}},{c0:{g3:0}.{g4:3}.{g1:{g2:19.16.18}}}|0;0;0;{c0:{g3:0}.{g4:3}.{g1:{g2:16.19}}},{c0:{g3:0}.{g4:5}.{g1:{g2:16.19.18}}},{c5:23}|0;0;0;{c5:23.{g0:13}.10.{g1:{g2:16.19}}},{c0:{g3:0}.{g4:6}.{g1:{g2:19.18}}}|0;0;0;{c4:23.10.11},{c0:{g3:0}.{g4:6}.{g1:{g2:18.19.16}}}|0;0;0;{c0:{g3:0}.{g4:3}.{g1:{g2:19.18}}},{c0:{g3:0}.{g4:6}.{g1:{g2:19.16.18}}}|0;0;0;{c4:23.10},{c0:{g3:0}.{g4:6}.{g1:{g2:18.16}}},{c0:{g3:0}.{g4:5}.{g1:{g2:16.19}}}|0;0;0;{c4:23.11},{c0:{g3:0}.{g4:6}.{g1:{g2:18.19.16}}},{c0:{g3:0}.{g4:6}.{g1:{g2:18.16}}}|0;0;0;{c5:23.10.{g0:13}.{g1:{g2:16.18.19}}}|0;0;0;{c4:23.11.10}|0;0;0;{c3:24.10},{c0:{g3:0}.{g4:3}.{g1:{g2:18.19.16}}}|0;0;0;{c0:{g3:0}.{g4:5}.{g1:{g2:18.19}}},{c3:24.10},{c0:{g3:0}.{g4:6}.{g1:{g2:18.16.19}}}|0;0;0;{c4:23.10.11},{c4:23.11.10}|0;0;0;{c0:{g3:0}.{g4:6}.{g1:{g2:16.18}}},{c4:23.11.10},{c5:23.10.{g0:14}.{g1:{g2:19.18}}}|0;0;0;{c4:23.11.10},{c4:23.11.10}|0;0;0;{c3:24.10},{c4:23.10.11}|0;0;0;{c0:{g3:0}.{g4:3}.{g1:{g2:18.19.16}}},{c0:{g3:0}.{g4:6}.{g1:{g2:18.16}}}",,,c0:87;c3:34;c4:56;c5:41;0:100;3:59;5:49;6:55;10:47;11:83;12:57;13:100;14:100;15:51;16:44;18:61;19:47;23:61;24:63,2;3;3;2;2;2;3;3;1;1;2;3;2;3;2;2,"{""range"":{""minX"":0,""maxX"":1,""minY"":1,""maxY"":12},""keyframes"":[{""x"":0,""y"":0,""tangent"":0},{""x"":1,""y"":1,""tangent"":0}]}","{""range"":{""minX"":0,""maxX"":1,""minY"":0,""maxY"":1},""keyframes"":[{""x"":0,""y"":0,""tangent"":1},{""x"":1,""y"":1,""tangent"":1}]}",,3970845401,orderLock=1;lockKey=1;hidden=1;frozen=1;linked=1;combined=1;timed=3,
23,Level 23,Normal,Normal,,0,2,"20,9#2,27:2,26:2#2,7,20#2,6:2,14#2,13,6:2,20#2,20,14#2,28:3,9#2,20,26:2,10:2,27:2#2,28:3#2,27:2#2,27:2,28:3#2,7#2,14#2,7,9#2,26:2,14#2%4:2,7,9#2,25,13#2,3:2,25#2,20,20#2,27:2,3:2#2,4:2#2,25#2,25#2,7#2,28:3#2,27:2,13,26:2,20#2,25,26:2#2,20,14#2,26:2,14,7,28:3#2,27:2,25#2%26:2,13#2,7,14#2,27:2,26:2#2,13,9#2,20,26:2,26:2#2,27:2#2,13#2,13#2,14#2,20#2,9,20,25,3:2#2,14,25#2,26:2,27:2#2,28:3,20,10:2#2,9,25#2,14%28:3,10:2,13#2,9,28:3#2,20,25#2,7,20#2,20,28:3,25#2,20,26:2#2,27:2,4:2#2,7,6:2,13#2,26:2#2,20#2,13,9#2,25#2,9#2,27:2,13,7#2,13,26:2#2",",,,,,,#2:4,,#2:6,","0;0;0;{c0:{g3:0}.{g4:4}.{g1:{g2:17.19}}},{c5:23.{g0:13}.10.{g1:{g2:18.17}}}|0;0;0;{c5:23.{g0:13}.{g1:{g2:18.17.19}}},{c1:12.{g0:14}.{g1:{g2:19.17}}}|0;0;0;{c5:23.10.{g0:13}.{g1:{g2:18.19}}},{c0:{g3:0}.{g4:3}.{g1:{g2:18.17.19}}},{c0:{g3:0}.{g4:6}.{g1:{g2:19.17}}}|0;0;0;{c1:12.{g0:13}},{c1:12.{g0:14}},{c0:{g3:0}.{g4:4}}|0;0;0;{c5:23.{g0:13}},{c0:{g3:0}.{g4:3}},{c0:{g3:0}.{g4:6}}|0;0;0;{c0:{g3:0}.{g4:6}.{g1:{g2:18.17}}},{c0:{g3:0}.{g4:6}.{g1:{g2:18.17}}}|0;0;0;{c0:{g3:0}.{g4:3}.{g1:{g2:17.19}}},{c0:{g3:0}.{g4:4}.{g1:{g2:19.18}}}|0;0;0;{c1:12.{g0:14}.{g1:{g2:17}}},{c1:12.{g0:13}.{g1:{g2:19}}},{c0:{g3:0}.{g4:4}.{g1:{g2:19}}}|0;0;0;{c1:12.{g0:13}.{g1:{g2:18.19.17}}},{c5:23.{g0:14}.{g1:{g2:19.18.17}}}|0;0;0;{c0:{g3:0}.{g4:3}.{g1:{g2:18.19}}},{c0:{g3:0}.{g4:4}.{g1:{g2:17.18}}},{c5:23.10.{g0:13}.{g1:{g2:18.19.17}}}|0;0;0;{c0:{g3:0}.{g4:6}.{g1:{g2:18.17.19}}},{c1:12.{g0:13}.{g1:{g2:18.19.17}}}|0;0;0;{c0:{g3:0}.{g4:3}.{g1:{g2:17.18.19}}},{c1:12.{g0:14}.{g1:{g2:19.18.17}}}|0;0;0;{c0:{g3:0}.{g4:6}.{g1:{g2:18.17}}},{c1:12.{g0:13}.{g1:{g2:17.19.18}}},{c0:{g3:0}.{g4:3}.{g1:{g2:19.17}}}|0;0;0;{c5:23.10.{g0:14}.{g1:{g2:18.17.19}}},{c1:12.{g0:14}.{g1:{g2:17.19}}},{c5:23.{g0:14}.{g1:{g2:18.19}}}|0;0;0;{c0:{g3:0}.{g4:4}.{g1:{g2:18.17.19}}}|0;0;0;{c5:23.10.{g0:13}.{g1:{g2:18.17.19}}},{c5:23.{g0:14}.10.{g1:{g2:18.17}}},{c1:12.{g0:13}.{g1:{g2:19.17}}},{c1:12.{g0:14}.{g1:{g2:18.17.19}}};;7",,,c0:100;c1:88;c5:83;0:100;3:44;4:41;6:48;10:80;11:31;12:70;13:100;14:100;17:57;18:63;19:62;23:82;24:22,2;2;3;3;3;2;2;3;2;3;2;2;3;3;3,"{""range"":{""minX"":0,""maxX"":1,""minY"":1,""maxY"":11},""keyframes"":[{""x"":0,""y"":0,""tangent"":2},{""x"":1,""y"":1,""tangent"":0}]}","{""range"":{""minX"":0,""maxX"":1,""minY"":0,""maxY"":0},""keyframes"":[{""x"":0,""y"":0,""tangent"":1},{""x"":1,""y"":1,""tangent"":1}]}",,1898655683,orderLock=1;lockKey=1;hidden=2;combined=1;boss=1,
24,Level 24,Normal,Normal,,0,2,"25,26:2,14,13,25,16,20,20#1:3,20,16,20,16,20,25,16,13,4:2,14,9,16#1:5,28:3,14,26:2,14,16,26:2,7,16,16,13,9,28:3,13,20,25#1:5,16,13,28:3,26:2,13,16,10:2,26:2,14,13%13,16,9,10:2,14,20,4:2,3:2,26:2,25,25,20#1:5,3:2,13,26:2,16,16,16,7,20,16,25#1:7,16,20,28:3,16,10:2,25,9,26:2,7,9,26:2,16,14,9,16,20,9#1:6,20,9,14,9,28:3,20%28:3,25,7#1:4,26:2,28:3,5:2,16,16,28:3,13,14,26:2,16,28:3,25#1:3,20,25,26:2,14,5:2,25,16,20,20,9,16,13,13,7,16,14,7#1:4,16,4:2,26:2,7,10:2,16,7,5:2,7,16,7,25,16",",#2:3,,#2:6,,,,,,","0;0;0;{c1:12.{g0:13}.{g1:{g2:19.17.16}}},{c1:12.{g0:14}.{g1:{g2:19.17}}}|0;0;0;{c5:23.{g0:13}.10.{g1:{g2:17.19}}},{c1:12.{g0:14}.{g1:{g2:19.16}}},{c0:{g3:0}.{g4:5}.{g1:{g2:19.17}}},{c0:{g3:0}.{g4:4}.{g1:{g2:16}}};;12|0;0;0;{c0:{g3:0}.{g4:3}.{g1:{g2:16.19}}},{c0:{g3:0}.{g4:3}.{g1:{g2:17.19.16}}},{c1:12.{g0:13}.{g1:{g2:19}}}|0;0;0;{c0:{g3:0}.{g4:5}.{g1:{g2:19.17}}},{c1:12.{g0:14}.{g1:{g2:16}}}|0;0;0;{c0:{g3:0}.{g4:4}.{g1:{g2:17}}},{c0:{g3:0}.{g4:3}.{g1:{g2:17.16}}}|0;0;0;{c1:12.{g0:13}.{g1:{g2:19.16.17}}},{c1:12.{g0:13}.{g1:{g2:17.16}}},{c0:{g3:0}.{g4:4}.{g1:{g2:19.16}}}|0;0;0;{c1:12.{g0:14}.{g1:{g2:16.19.17}}},{c5:23.10.{g0:14}.{g1:{g2:16}}}|0;0;0;{c0:{g3:0}.{g4:5}.{g1:{g2:19.16}}},{c1:12.{g0:14}.{g1:{g2:16.17.19}}},{c0:{g3:0}.{g4:3}.{g1:{g2:17.16}}}|0;0;0;{c1:12.{g0:14}.{g1:{g2:19.17.16}}},{c0:{g3:0}.{g4:5}.{g1:{g2:16.19}}},{c0:{g3:0}.{g4:4}.{g1:{g2:17.16}}}|0;0;0;{c5:23.10.{g0:13}.{g1:{g2:16.19.17}}},{c1:12.{g0:13}.{g1:{g2:19.16}}},{c5:23.{g0:13}.{g1:{g2:17.16}}}|0;0;0;{c5:23.{g0:14}.{g1:{g2:19.17}}},{c5:23.{g0:13}.10.{g1:{g2:19.17.16}}}|0;0;0;{c0:{g3:0}.{g4:4}.{g1:{g2:19.17.16}}},{c1:12.{g0:14}.{g1:{g2:17.16}}}|0;0;0;{c5:23.{g0:13}.10.{g1:{g2:17.16.19}}},{c0:{g3:0}.{g4:4}.{g1:{g2:16.17}}},{c5:23.{g0:13}.10.{g1:{g2:19}}}|0;0;0;{c0:{g3:0}.{g4:5}.{g1:{g2:19.17.16}}},{c5:23.10.{g0:14}.{g1:{g2:16.17}}}|0;0;0;{c5:23.10.{g0:14}.{g1:{g2:19}}},{c1:12.{g0:13}.{g1:{g2:19.17}}},{c0:{g3:0}.{g4:5}.{g1:{g2:16.19}}}",,,c0:100;c1:100;c5:90;0:100;3:50;4:53;5:49;10:81;11:31;12:82;13:100;14:100;16:63;17:60;19:57;23:63;24:32,2;3;3;2;2;3;2;3;3;3;3;2;3;2;3,"{""range"":{""minX"":0,""maxX"":1,""minY"":1,""maxY"":12},""keyframes"":[{""x"":0,""y"":0,""tangent"":2},{""x"":1,""y"":1,""tangent"":0}]}","{""range"":{""minX"":0,""maxX"":1,""minY"":0,""maxY"":0},""keyframes"":[{""x"":0,""y"":0,""tangent"":1},{""x"":1,""y"":1,""tangent"":1}]}",,2792054784,blocked=1;frozen=3;linked=2;timed=3;shipper=1,
25,Level 25,Normal,Normal,,0,2,"20,20,15,9,16#2,20#2,25#2,9,27:2,15,25#2,6:2#2,25#2,14,25#2,14#2,28:3#2,14,16,7,16,27:2,20#2,25#2,15#2,7,7,20,7,16%5:2,4:2,25,7,20#2,6:2#2,13#2,7,16,25,13#2,15#1:3,13#2,10:2,13#2,27:2#2,20#2,27:2,9,28:3,16,9,15#2,13#1:3,25#2,14,14,15,14,28:3%27:2,16,14,10:2,3:2#2,15#2,27:2#2,13,16,9,13#2,27:2#2,25#2,16,28:3#2,16#2,15#2,16,7,27:2,9,7,20#2,15#2,13#2,15,27:2,25,27:2,20,20%28:3,25,16,13,27:2#2,20#1:3,16#2,16,7,28:3,16#2,13#2,9#2,16,9#2,20#1:3,9#2,25,10:2,20,13,14,3:2#2,25#2,16#2,10:2,16,13,20,27:2%16,13,27:2,28:3,16#2,16#2,28:3#2,20,14,16,20#2,15#2,7#2,27:2,7#2,16#2,7#2,13,14,4:2,16,15,15#2,14#2,9#2,9,28:3,9,5:2,16$$4-0,3-3;0-3,1-6;3-6,2-9;2-12,1-15;3-11,4-10;3-16,4-19;1-18,0-21;2-21,3-23;2-25,1-26;3-26,4-28",",,#2:7,,,,#2:5,,#2:3,","0;0;0;{c0:{g3:0}.{g4:5}.{g1:{g2:18.19.16}}},{c0:{g3:0}.{g4:4}.{g1:{g2:19.16.18}}},{c1:12.{g0:13}.{g1:15}}|0;0;0;{c1:12.{g0:14}.{g1:{g2:16.19.18}}},{c5:23.10.{g0:13}.{g1:{g2:19.16.18}}},{c0:{g3:0}.{g4:3}.{g1:{g2:18.19.16}}}|0;0;0;{c0:{g3:0}.{g4:6}.{g1:15}},{c0:{g3:0}.{g4:5}.{g1:{g2:16.19.18}}},{c1:12.{g0:13}.{g1:{g2:18.16.19}}}|0;0;0;{c5:23.10.{g0:13}.{g1:{g2:18.16.19}}},{c0:{g3:0}.{g4:6}.{g1:{g2:18.19.16}}}|0;0;0;{c5:23.{g0:14}.{g1:15}},{c1:12.{g0:13}.{g1:{g2:19.16.18}}},{c1:12.{g0:13}.{g1:{g2:18.19.16}}}|0;0;0;{c0:{g3:0}.{g4:6}.{g1:15}},{c1:12.{g0:13}.{g1:15}}|0;0;0;{c1:12.{g0:13}.{g1:{g2:19.18.16}}},{c5:23.{g0:14}.10.{g1:{g2:16.19.18}}},{c1:12.{g0:13}.{g1:{g2:18.16.19}}}|0;90;0;{c5:23.{g0:14}.{g1:{g2:19.18.16}}},{c0:{g3:0}.{g4:4}.{g1:{g2:16.19.18}}},{c0:{g3:0}.{g4:3}.{g1:15}},{c5:23.10.{g0:14}.{g1:{g2:18.16.19}}},{c1:12.{g0:13}.{g1:{g2:19.18.16}}};;14|0;0;0;{c5:23.10.{g0:14}.{g1:{g2:16.19.18}}},{c0:{g3:0}.{g4:4}.{g1:{g2:19.18.16}}},{c5:23.{g0:13}.{g1:{g2:16.18}}}|0;0;0;{c5:23.10.{g0:14}.{g1:15}},{c0:{g3:0}.{g4:6}.{g1:15}}|0;0;0;{c0:{g3:0}.{g4:3}.{g1:15}},{c1:12.{g0:13}.{g1:15}},{c1:12.{g0:14}.{g1:15}}|0;0;0;{c1:12.{g0:13}.{g1:{g2:19.18.16}}},{c5:23.{g0:14}.{g1:15}.10}|0;0;0;{c5:23.{g0:14}.10.{g1:{g2:18.16.19}}},{c0:{g3:0}.{g4:4}.{g1:15}}|0;0;0;{c1:12.{g0:13}.{g1:{g2:19.18}}},{c5:23.{g0:14}.{g1:{g2:18.19}}},{c0:{g3:0}.{g4:5}.{g1:{g2:16.19.18}}}|0;0;0;{c0:{g3:0}.{g4:5}.{g1:{g2:18.16.19}}},{c0:{g3:0}.{g4:3}.{g1:{g2:18.19}}}",,,c0:100;c1:100;c5:95;0:80;3:56;4:55;5:61;6:53;10:83;12:74;13:100;14:100;15:64;16:65;18:63;19:66;23:82;24:15,3;3;3;2;4;3;2;3;3;2;3;2;2;3;3,"{""range"":{""minX"":0,""maxX"":1,""minY"":1,""maxY"":14},""keyframes"":[{""x"":0,""y"":0.1,""tangent"":0},{""x"":0.28,""y"":0.72,""tangent"":0},{""x"":0.5,""y"":0.22,""tangent"":0},{""x"":0.78,""y"":1,""tangent"":0},{""x"":1,""y"":0.18,""tangent"":0}]}","{""range"":{""minX"":0,""maxX"":1,""minY"":0,""maxY"":0},""keyframes"":[{""x"":0,""y"":0,""tangent"":1},{""x"":1,""y"":1,""tangent"":1}]}",,3914115525,lockKey=2;hidden=1;frozen=1;linked=2;combined=1;timed=3;boss=1,
26,Level 26,Normal,Normal,,0,2,"20,9#2,16,16#2,20,16#2,6:2#2,20#2,7#2,7#2,20,9,20,15#2,20#2,20,20,27:2#2,7#2,8,16#2,27:2,8#2,20,20#2,7,9#2,8,20#2,27:2#2,10:2#2,16%5:2,7#2,20#2,20#2,26:2,20#2,16,4:2#2,13,10:2#2,5:2,8#2,16#2,9,27:2,6:2#2,4:2#2,20,14,10:2,20,20#2,20,4:2#2,5:2,13,8#2,20#2,26:2#2,16,9#2%27:2,10:2#2,6:2#2,4:2#2,16,15#2,26:2,16#2,15,14#2,26:2,20#2,20#2,8,16,15#2,26:2#2,15,15,20,26:2#2,15,6:2#2,16,15#2,26:2,10:2#2,27:2,16#2,9#2,7#2%26:2,13#2,26:2,27:2#2,20,20#2,27:2#2,9#2,9#2,15#2,27:2,15,5:2,10:2#2,26:2#2,20,16,9#2,9#2,5:2,16,9#2,16,27:2#2,9,16,9#2,16#2,20#2,8,13#2",",#2:2,,#2:2,,#2:3,,,,#2:3","0;0;0;{c0:{g3:0}.{g4:5}.{g1:{g2:18.17}}},{c5:23.10.{g0:13}.{g1:{g2:17.16}}}|0;0;0;{c0:{g3:0}.{g4:6}.{g1:{g2:18.17.16}}},{c0:{g3:0}.{g4:4}.{g1:{g2:17.18}}},{c0:{g3:0}.{g4:4}.{g1:{g2:17.16}}}|0;0;0;{c0:{g3:0}.{g4:5}.{g1:{g2:17.18.16}}},{c0:{g3:0}.{g4:6}.{g1:15}}|0;0;0;{c0:{g3:0}.{g4:6}.{g1:{g2:16.17.18}}},{c0:{g3:0}.{g4:4}.{g1:{g2:17.16.18}}}|0;0;0;{c5:23.10.{g0:13}.{g1:15}},{c5:23.10.{g0:14}.{g1:15}},{c0:{g3:0}.{g4:5}.{g1:{g2:17.18}}}|0;0;0;{c3:24.10},{c0:{g3:0}.{g4:6}.{g1:15}},{c0:{g3:0}.{g4:5}.{g1:{g2:16.18.17}}}|0;0;0;{c0:{g3:0}.{g4:5}.{g1:15}},{c3:24.10},{c0:{g3:0}.{g4:4}.{g1:{g2:18.16.17}}}|0;0;0;{c0:{g3:0}.{g4:6}.{g1:15}},{c0:{g3:0}.{g4:5}.{g1:{g2:18.17}}}|0;0;0;{c0:{g3:0}.{g4:4}.{g1:{g2:17.16.18}}},{c0:{g3:0}.{g4:4}.{g1:15}}|0;0;0;{c5:23.{g0:14}.{g1:15}.10},{c3:24.10},{c0:{g3:0}.{g4:5}.{g1:{g2:18.16.17}}},{c0:{g3:0}.{g4:6}.{g1:{g2:17.16.18}}}|0;0;0;{c0:{g3:0}.{g4:5}.{g1:15}},{c3:24.10},{c0:{g3:0}.{g4:6}.{g1:{g2:18.16}}}|0;0;0;{c0:{g3:0}.{g4:4}.{g1:{g2:16.17.18}}},{c0:{g3:0}.{g4:5}.{g1:15}}|0;0;0;{c5:23.{g0:13}.{g1:{g2:18.17.16}}},{c3:24.10},{c3:24.10}|0;0;0;{c0:{g3:0}.{g4:4}.{g1:{g2:18.17.16}}},{c0:{g3:0}.{g4:6}.{g1:{g2:18.17.16}}}|0;0;0;{c0:{g3:0}.{g4:5}.{g1:{g2:18.17.16}}},{c3:24.10},{c5:23.10.{g0:13}.{g1:{g2:16.18}}}",,,c0:100;c3:78;c5:77;0:100;4:100;5:100;6:100;10:100;12:100;13:100;14:100;15:100;16:100;17:100;18:100;23:100;24:100,2;3;2;2;3;2;3;2;2;4;3;2;3;2;3,"{""range"":{""minX"":0,""maxX"":1,""minY"":1,""maxY"":14},""keyframes"":[{""x"":0,""y"":0.15,""tangent"":0},{""x"":0.25,""y"":0.9,""tangent"":0},{""x"":0.62,""y"":0.95,""tangent"":0},{""x"":0.85,""y"":0.4,""tangent"":0},{""x"":1,""y"":0.12,""tangent"":0}]}","{""range"":{""minX"":0,""maxX"":1,""minY"":0,""maxY"":0},""keyframes"":[{""x"":0,""y"":0,""tangent"":1},{""x"":1,""y"":1,""tangent"":1}]}",,557983387,lockKey=2;hidden=2;frozen=2;linked=2;timed=3,
27,Level 27,Normal,Normal,,0,2,"20,16,10:2,16,20,16,16,27:2,7,28:3,3:2,27:2,10:2,26:2,16,16,6:2,7,10:2,27:2,13,20,20,8,9,9,26:2,9,27:2,9,6:2,26:2,9,27:2,26:2%6:2,28:3,9,9,5:2,26:2,20,9,14,27:2,26:2,16,9,20,20,20,16,14,20,16,20,5:2,3:2,10:2,7,8,27:2,8,28:3,7,16,27:2,7,9,16%27:2,9,7,8,27:2,28:3,3:2,8,16,16,20,9,7,5:2,26:2,16,26:2,16,5:2,9,16,9,20,20,13,10:2,20,20,16,10:2,20,20,13,7,20%26:2,8,13,10:2,20,20,26:2,9,20,20,6:2,8,14,28:3,27:2,20,9,28:3,26:2,7,20,7,9,3:2,16,20,16,5:2,26:2,20,16,28:3,16,14,16$$0-2,1-3;3-4,2-5;0-7,1-9,2-8;2-11,3-12;1-15,2-16,3-15;0-19,1-20,2-19;2-24,1-23;2-27,3-26;0-26,1-27;1-30,2-31,0-31;2-33,3-34",",,,,,,,,,","0;0;0;{c0:{g3:0}.{g4:6}.{g1:{g2:18.17.16.19}}},{c3:24.10}|0;0;0;{c5:23.10.{g0:13}.{g1:{g2:18.19.16}}},{c3:24.10}|0;0;0;{c0:{g3:0}.{g4:5}.{g1:{g2:18.17.19}}},{c0:{g3:0}.{g4:6}.{g1:{g2:16.17.19}}},{c0:{g3:0}.{g4:5}.{g1:{g2:18.17.16}}}|0;0;0;{c0:{g3:0}.{g4:3}.{g1:{g2:19.17.18}}},{c3:24.10},{c5:23.{g0:14}.{g1:{g2:16.19.18}}}|0;0;0;{c0:{g3:0}.{g4:3}.{g1:{g2:19.17.18.16}}},{c0:{g3:0}.{g4:3}.{g1:{g2:18.17}}}|0;0;0;{c0:{g3:0}.{g4:6}.{g1:{g2:18.17.16.19}}},{c3:24.10},{c5:23.10.{g0:14}.{g1:{g2:18.17.19}}},{c0:{g3:0}.{g4:5}.{g1:{g2:17.19.16}}}|0;0;0;{c0:{g3:0}.{g4:5}.{g1:{g2:17.18.16}}},{c0:{g3:0}.{g4:6}.{g1:{g2:17.19.16}}}|0;0;0;{c0:{g3:0}.{g4:6}.{g1:{g2:16.19.17.18}}},{c5:23.{g0:14}.{g1:{g2:16.17.19}}.10}|0;0;0;{c0:{g3:0}.{g4:5}.{g1:{g2:17.18.16}}},{c5:23.10.{g0:13}},{c0:{g3:0}.{g4:3}.{g1:{g2:17.19.16.18}}}|0;0;0;{c0:{g3:0}.{g4:5}},{c0:{g3:0}.{g4:5}},{c5:23},{c0:{g3:0}.{g4:3}};;8|0;0;0;{c0:{g3:0}.{g4:3}},{c3:24.10},{c0:{g3:0}.{g4:3}}|0;0;0;{c5:23.{g0:13}.10.{g1:{g2:16}}},{c3:24.10},{c0:{g3:0}.{g4:6}.{g1:{g2:17.18}}}|0;0;0;{c0:{g3:0}.{g4:5}.{g1:{g2:16.19.18.17}}},{c3:24.10}|0;0;0;{c0:{g3:0}.{g4:5}.{g1:{g2:18.19.16.17}}},{c5:23.10},{c0:{g3:0}.{g4:6}.{g1:{g2:17.19.18.16}}}|0;0;0;{c0:{g3:0}.{g4:5}.{g1:{g2:19.16.17.18}}}|0;0;0;{c0:{g3:0}.{g4:6}.{g1:{g2:19.18.17}}},{c5:23.{g0:13}.10.{g1:{g2:19.16.18}}},{c5:23.{g0:14}.{g1:{g2:18.17.16}}},{c0:{g3:0}.{g4:3}.{g1:{g2:19.16.17}}};;11",,,c0:100;c3:45;c5:73;0:100;3:100;5:100;6:100;10:100;11:100;12:100;13:100;14:100;16:100;17:100;18:100;19:100;23:100;24:100,2;2;3;3;2;4;2;2;3;2;3;3;2;3;2,"{""range"":{""minX"":0,""maxX"":1,""minY"":1,""maxY"":12},""keyframes"":[{""x"":0,""y"":0.1,""tangent"":0},{""x"":0.18,""y"":0.9,""tangent"":0},{""x"":0.34,""y"":0.25,""tangent"":0},{""x"":0.5,""y"":0.95,""tangent"":0},{""x"":0.66,""y"":0.25,""tangent"":0},{""x"":0.82,""y"":1,""tangent"":0},{""x"":1,""y"":0.15,""tangent"":0}]}","{""range"":{""minX"":0,""maxX"":1,""minY"":0,""maxY"":1},""keyframes"":[{""x"":0,""y"":0,""tangent"":1},{""x"":1,""y"":1,""tangent"":1}]}",,999578417,orderLock=1;lockKey=1;hidden=3;frozen=2;linked=1;combined=2;timed=2;shipper=1;boss=1,
28,Level 28,Normal,Normal,,0,2,"20,16,13,27:2,16,28:3,7,7,6:2,7,16,20,6:2,9,20,14,20,16,10:2,13,9,9,7,20,28:3,20,11,20,9,20,7,16,16,27:2,20,26:2,9,27:2%4:2,9,16,20,20,20,14,11,16,11,20,4:2,26:2,7,16,26:2,3:2,27:2,11,28:3,7,7,10:2,3:2,16,27:2,20,4:2,7,3:2,13,27:2,9,9,4:2,20,7,26:2%28:3,7,20,3:2,6:2,16,26:2,10:2,27:2,20,27:2,16,16,11,9,28:3,20,9,9,16,10:2,11,13,27:2,20,9,28:3,27:2,10:2,16,26:2,28:3,7,7,28:3,3:2,11,20%26:2,10:2,16,26:2,27:2,9,9,20,9,28:3,26:2,20,27:2,10:2,7,16,26:2,7,7,20,11,9,16,26:2,6:2,7,26:2,16,11,9,20,20,14,11,16,16,20,16$$2-0,3-2;1-1,0-4;2-4,1-6,3-7;0-8,1-10,2-9;3-13,2-11,1-12;0-14,1-16,2-15;2-18,3-20;1-19,0-21;3-24,1-25,2-22;0-28,1-29,2-28;2-31,3-33;1-32,0-34;1-36,2-35",",,,,,,,,,","0;0;0;{c0:{g3:0}.{g4:4}.{g1:{g2:19.17.16}}},{c5:23.10.{g0:13}.{g1:{g2:19.16}}}|0;0;0;{c0:{g3:0}.{g4:4}.{g1:{g2:19.17.16.18}}},{c0:{g3:0}.{g4:3}.{g1:{g2:18.17.16}}},{c0:{g3:0}.{g4:6}.{g1:{g2:18.19}}}|0;0;0;{c0:{g3:0}.{g4:6}.{g1:{g2:17.16}}},{c5:23.10.{g0:14}.{g1:{g2:19.18.17}}}|0;0;0;{c4:23.11.10},{c0:{g3:0}.{g4:6}.{g1:{g2:19.16.18}}}|0;0;0;{c4:23.10.11},{c0:{g3:0}.{g4:6}.{g1:{g2:17.19.16.18}}},{c0:{g3:0}.{g4:3}.{g1:{g2:18.17}}}|0;0;0;{c0:{g3:0}.{g4:4}.{g1:{g2:18.17.16}}},{c0:{g3:0}.{g4:6}.{g1:{g2:17.16.19.18}}},{c4:23.11.10}|0;0;0;{c0:{g3:0}.{g4:6}.{g1:{g2:16.17.19}}},{c5:23.10.{g0:14}.{g1:{g2:17.19.16}}}|0;0;0;{c0:{g3:0}.{g4:3}.{g1:{g2:18.17.19}}},{c0:{g3:0}.{g4:4}.{g1:{g2:17.16.19.18}}},{c4:23.10.11},{c5:23.{g0:13}.10.{g1:{g2:19.16}}}|0;0;0;{c0:{g3:0}.{g4:3}.{g1:{g2:18.17.19}}},{c4:23.10.11}|0;0;0;{c4:23.11.10},{c5:23.10.{g0:13}.{g1:{g2:19.16}}},{c0:{g3:0}.{g4:3}.{g1:{g2:18.17.19.16}}},{c0:{g3:0}.{g4:6}.{g1:{g2:18.19}}};;8|0;0;0;{c0:{g3:0}.{g4:6}.{g1:{g2:18.17.19}}},{c4:23.10.11}|0;0;0;{c0:{g3:0}.{g4:3}.{g1:{g2:19.17.18}}},{c0:{g3:0}.{g4:4}.{g1:{g2:18.19.16}}},{c4:23.10.11}|0;0;0;{c0:{g3:0}.{g4:3}.{g1:{g2:17.19.16}}},{c5:23.{g0:13}.{g1:{g2:18.17}}},{c0:{g3:0}.{g4:3}.{g1:{g2:16.18.19}}}|0;0;0;{c0:{g3:0}.{g4:4}.{g1:{g2:18.19.16.17}}},{c5:23.{g0:14}.{g1:{g2:18.19}}},{c4:23.11.10}|0;0;0;{c0:{g3:0}.{g4:4}.{g1:{g2:19.16.18.17}}},{c0:{g3:0}.{g4:3}.{g1:{g2:17.19.16}}},{c4:23.11}|0;0;0;{c0:{g3:0}.{g4:4}.{g1:{g2:18.17}}},{c0:{g3:0}.{g4:3}.{g1:{g2:16.19.17.18}}}",,,c0:100;c4:79;c5:52;0:100;3:100;4:100;6:100;10:100;11:100;12:100;13:100;14:100;16:100;17:100;18:100;19:100;23:100;24:100,2;3;2;2;3;3;2;4;2;3;2;3;4;3;3,"{""range"":{""minX"":0,""maxX"":1,""minY"":1,""maxY"":12},""keyframes"":[{""x"":0,""y"":0,""tangent"":1},{""x"":1,""y"":1,""tangent"":1}]}","{""range"":{""minX"":0,""maxX"":1,""minY"":0,""maxY"":2},""keyframes"":[{""x"":0,""y"":0,""tangent"":1},{""x"":1,""y"":1,""tangent"":1}]}",,1311645659,orderLock=1;lockKey=1;hidden=1;frozen=1;linked=2;timed=2;shipper=1,
29,Level 29,Normal,Normal,,0,2,"25,16#2,5:2,28:3#2,26:2,28:3#2,14#2,27:2,4:2#2,7#2,16,14,9#2,9,28:3,27:2#2,16,25,16#2,26:2,7#2,13,16#2,16,25,27:2,13#2,28:3#2,20,13#2,16#2,4:2,26:2%14,25#2,27:2#2,25,20#2,9#2,16,26:2#2,20,14#2,9,28:3#2,7,7,25#2,26:2,25#2,13,20,16#2,13,28:3#2,26:2,20#2,14,16,25,27:2#2,3:2#2,16,26:2#2,13#2,16%26:2,13#2,20,14#2,25,7#2,20#2,16,16#2,27:2#2,7,16#2,13,10:2#2,13,25,13#2,26:2,5:2#2,27:2,9#2,25,25#2,4:2,26:2,9,14#2,20#2,27:2,16#2,28:3#2,20,20%28:3,20#2,3:2#2,16,13#2,10:2#2,3:2,20#2,9,26:2#2,10:2,20,26:2#2,14,16,14#2,27:2,28:3,20,9#2,7,14#2,14,27:2#2,20,7,16,16#2,25#2,25,20#2,27:2#2$$1-1,0-3;2-3,3-5;1-5,0-7;2-7,3-9;0-10,1-11,2-10;1-14,2-12,3-13;0-16,1-18,2-17;2-20,3-22;1-21,0-23;2-24,3-26;1-26,0-28;1-30,2-29,3-31",",,,,,,,,,","0;0;0;{c1:12.{g0:14}.{g1:{g2:17.19.16}}},{c1:12.{g0:13}.{g1:{g2:17.19}}}|0;0;0;{c0:{g3:0}.{g4:5}.{g1:{g2:19.18}}},{c0:{g3:0}.{g4:3}.{g1:{g2:19}}},{c1:12.{g0:14}.{g1:{g2:19.16.17}}}|0;0;0;{c0:{g3:0}.{g4:3}.{g1:{g2:18.19}}},{c1:12.{g0:13}.{g1:{g2:17.19}}}|0;0;0;{c5:23.10.{g0:14}.{g1:{g2:16.19}}},{c0:{g3:0}.{g4:3}.{g1:{g2:18.17.16}}},{c0:{g3:0}.{g4:4}.{g1:{g2:18}}}|0;0;0;{c0:{g3:0}.{g4:5}.{g1:{g2:17.16}}},{c5:23.{g0:14}.{g1:{g2:18.17.19.16}}.10}|0;0;0;{c5:23.10.{g0:14}.{g1:{g2:19.16}}},{c0:{g3:0}.{g4:4}.{g1:{g2:18.17.19}}}|0;0;0;{c5:23.10.{g0:13}.{g1:{g2:17.19}}},{c5:23.10.{g0:14}.{g1:{g2:19.17}}},{c1:12.{g0:13}.{g1:{g2:16.18.17}}}|0;0;0;{c1:12.{g0:14}.{g1:{g2:16.19.17.18}}},{c1:12.{g0:13}.{g1:{g2:18.19}}}|0;0;0;{c1:12.{g0:13}.{g1:{g2:17.19.16}}},{c0:{g3:0}.{g4:5}.{g1:{g2:18.17}}},{c0:{g3:0}.{g4:3}.{g1:{g2:17.16.19.18}}}|0;0;0;{c5:23.{g0:13}.10.{g1:{g2:17.19}}},{c5:23.{g0:13}.{g1:{g2:18.19}}},{c1:12.{g0:14}.{g1:{g2:16.17}}}|0;0;0;{c1:12.{g0:14}.{g1:{g2:19.16}}},{c0:{g3:0}.{g4:4}.{g1:{g2:18.17}}},{c1:12.{g0:14}.{g1:{g2:18.17}}}|0;0;0;{c0:{g3:0}.{g4:5}.{g1:{g2:18.16.19}}},{c5:23.{g0:13}.{g1:{g2:18}}}|0;0;0;{c1:12.{g0:14}.{g1:{g2:16.17.19.18}}},{c0:{g3:0}.{g4:4}.{g1:{g2:19.16.18}}}|0;0;0;{c0:{g3:0}.{g4:3}.{g1:{g2:19.18}}},{c1:12.{g0:13}.{g1:{g2:17.16}}},{c1:12.{g0:13}.{g1:{g2:18.16.19}}},{c0:{g3:0}.{g4:4}.{g1:{g2:16.17}}};;11|0;0;0;{c0:{g3:0}.{g4:4}.{g1:{g2:18.17.16.19}}},{c0:{g3:0}.{g4:3}.{g1:{g2:17.19.18}}}",,,c0:100;c1:100;c5:79;0:100;3:100;4:100;5:100;10:100;11:100;12:100;13:100;14:100;15:100;16:100;17:100;18:100;19:100;23:100;24:100,2;3;2;3;2;2;3;2;3;3;3;2;2;3;3,"{""range"":{""minX"":0,""maxX"":1,""minY"":1,""maxY"":11},""keyframes"":[{""x"":0,""y"":0.05,""tangent"":0},{""x"":0.55,""y"":0.28,""tangent"":0},{""x"":0.85,""y"":1,""tangent"":0},{""x"":1,""y"":0.65,""tangent"":0}]}","{""range"":{""minX"":0,""maxX"":1,""minY"":0,""maxY"":2},""keyframes"":[{""x"":0,""y"":0,""tangent"":1},{""x"":1,""y"":1,""tangent"":1}]}",,1935458418,lockKey=2;hidden=4;frozen=1;linked=2;combined=1;timed=3;shipper=1;boss=1,
30,Level 30,Normal,Normal,,0,2,"9,10:2#2,13,9#2,11#2,14,20,7,25,9,26:2,20#2,9#1:1,9,25,14,14,8,10:2,25#2,9,10:2,25,14#2,9,9,25#1:2,20,9,7#2,20%7,9,27:2,7,9#2,26:2#2,4:2,11,14,7,27:2,3:2,8,7#2,13,9,20,13,9#2,7,20,15#1:2,14#1:1,9,20,8,20#1:1,7,9,7#2%11,7,28:3,10:2,7#2,16#2,9,10:2,16#2,13,16,16,10:2,11,25,9#1:1,25,8,7,15,11,5:2,25,7#2,20,6:2,4:2,7,9,20$2-26,2-27,2-28;0-9,1-9;0-2,1-2,2-2;2-19,2-20$0-16,1-16;1-1,2-1;0-25,1-25;2-12,1-12","#2:1,,,#2:9,#2:10,,#2:9,,,","0;60;0;{c4:23.11.10},{c5:23.10.{g0:13}.{g1:{g2:18.19}}}|0;60;0;{c4:23.10.11},{c5:23.10.{g0:14}.{g1:{g2:17.16}}}|0;60;0;{c0:{g3:0}.{g4:4}.{g1:{g2:18.17}}},{c4:23.11.10},{c1:12.{g0:14}.{g1:{g2:16}}}|0;0;0;{c5:23.10.{g0:13}.{g1:{g2:19.17.18.16}}}|0;0;0;{c0:{g3:0}.{g4:3}.{g1:{g2:18.19.17.16}}}|0;0;0;{c3:24.10},{c4:23.10.11}|0;0;0;{c1:12.{g0:13}},{c1:12.{g0:14}},{c0:{g3:0}.{g4:4}}|0;0;0;{c1:12.{g0:14}},{c3:24.10},{c5:23.10}|0;0;0;{c1:12.{g0:13}.{g1:15}},{c4:23.11.10}|0;0;0;{c0:{g3:0}.{g4:5}},{c1:12.{g0:14}}|0;0;0;{c1:12.{g0:14}.{g1:15}}|0;0;0;{c3:24.10},{c4:23},{c3:24}|0;0;0;{c0:{g3:0}.{g4:5}},{c1:12},{c0:{g3:0}.{g4:4}},{c0:{g3:0}.{g4:3}}|0;0;0;{c0:{g3:0}.{g4:6}},{c4:23}|0;0;0;{c4:23},{c4:23},{c5:23}|0;0;0;{c0:{g3:0}.{g4:4}},{c0:{g3:0}.{g4:6}}",,,c0:100;c1:100;c3:38;c4:63;c5:35;0:100;3:100;4:100;5:100;6:100;10:100;11:100;12:100;13:100;14:100;15:100;16:100;17:100;18:100;19:100;23:100;24:100,2;2;3;1;1;2;3;3;2;2;1;3;4;2;3,"{""range"":{""minX"":0,""maxX"":1,""minY"":1,""maxY"":10},""keyframes"":[{""x"":0,""y"":1,""tangent"":0},{""x"":0.32,""y"":0.55,""tangent"":0},{""x"":1,""y"":0.15,""tangent"":0}]}","{""range"":{""minX"":0,""maxX"":1,""minY"":0,""maxY"":1},""keyframes"":[{""x"":0,""y"":0,""tangent"":1},{""x"":1,""y"":1,""tangent"":1}]}",,1615585891,orderLock=4;hidden=16;frozen=6;linked=4;combined=4;timed=3,
31,Level 31,Normal,Normal,,0,2,"25,14,15,25#1:1,16#1:2,15#1:1,9,11,13#2,3:2,16,10:2,15,28:3,26:2#2,10:2,15,7#2,15,20,9,7,9,15,25,13,8,20#2%13,15,20,13,9,10:2#3:1,8,10:2,26:2#1:2,16,9,9#3:2,20,25#2,16#3:3,11,25,11#2,9,15#1:1,8,14#1:2,7,25,14,20,25%15,20#2,6:2#2,26:2,7#2,20,9,9,27:2,25,7,7#2,16,14,9,20#2,13,20,8,9,10:2#2,25,10:2#2,14,15,6:2,13%25,4:2,15#2,27:2,14,28:3,7,7#1:1,20,14,11,13,20,27:2#1:2,7,5:2#3:4,9,3:2#1:2,10:2,8#1:1,9,14,13,16#1:1,25,9,20$0-25,1-25;1-23,1-24;1-2,1-3,1-4;2-12,2-13,2-14;1-10,2-10,3-10;2-17,2-18,2-19;3-5,3-6;0-11,0-12,0-13$2-16,3-16;2-3,3-3;1-26,2-26;2-7,1-7;0-22,1-22;0-20,1-20",",,,#4:3:1,,#4:4:1,#4:1:1,#4:2:1,,","0;60;0;{c1:12.{g0:13}.{g1:15}},{c1:12.{g0:14}.{g1:15}},{c0:{g3:0}.{g4:4}.{g1:15}}|0;60;0;{c0:{g3:0}.{g4:6}.{g1:15}},{c1:12.{g0:13}.{g1:{g2:17.18.16}}}|0;60;0;{c5:23.{g0:14}.{g1:15}.10},{c0:{g3:0}.{g4:6}.{g1:{g2:19.18.17}}}|0;60;0;{c3:24.10},{c4:23.11.10},{c5:23.10.{g0:13}.{g1:{g2:17.18}}}|0;0;0;{c0:{g3:0}.{g4:3}.{g1:{g2:16.19.18}}},{c1:12.{g0:14}.{g1:{g2:19.17.16}}}|0;0;0;{c4:23.11.10}|0;0;0;{c5:23.{g0:13}.{g1:15}.10},{c0:{g3:0}.{g4:4}.{g1:{g2:16}}},{c0:{g3:0}.{g4:3}.{g1:{g2:19}}}|0;0;0;{c1:12.{g0:14}.{g1:{g2:18.17.16}}},{c4:23.10.11}|0;0;0;{c0:{g3:0}.{g4:5}.{g1:15}},{c1:12.{g0:13}.{g1:{g2:19}}},{c4:23.11.10}|0;0;0;{c0:{g3:0}.{g4:3}.{g1:15}},{c3:24.10}|0;0;0;{c0:{g3:0}.{g4:5}.{g1:15}},{c3:24.10}|0;0;0;{c3:24.10},{c5:23.{g0:14}.10},{c1:12.{g0:14}.{g1:{g2:17}}}|0;0;0;{c5:23.10.{g0:13}.{g1:15}},{c1:12.{g0:14}.{g1:{g2:18.19.16}}}|0;0;0;{c1:12.{g0:14}.{g1:15}}|0;0;0;{c1:12.{g0:13}},{c0:{g3:0}.{g4:6}},{c3:24.10},{c1:12.{g0:13}}|0;0;0;{c0:{g3:0}.{g4:6}},{c0:{g3:0}.{g4:3}}",,,c0:100;c1:100;c3:37;c4:45;c5:53;0:100;3:100;4:100;5:100;6:100;10:100;11:100;12:100;13:100;14:100;15:100;16:100;17:100;18:100;19:100;23:100;24:100,3;2;2;3;2;1;3;2;3;2;2;3;2;1;4,"{""range"":{""minX"":0,""maxX"":1,""minY"":1,""maxY"":9},""keyframes"":[{""x"":0,""y"":1,""tangent"":0},{""x"":1,""y"":1,""tangent"":0}]}","{""range"":{""minX"":0,""maxX"":1,""minY"":0,""maxY"":0},""keyframes"":[{""x"":0,""y"":0,""tangent"":1},{""x"":1,""y"":1,""tangent"":1}]}",,2267526769,lockKey=4;hidden=14;frozen=11;linked=6;combined=8;timed=4,
32,Level 32,Normal,Normal,,0,2,"9,6:2#2,25#2,25#2,25,20,9#2,9#2,7#2,25,20#2,7#2,7#2,14,9,25,9,25,14,13,25%7,20,9,25,7,20,8,9,3:2,9,25#2,25,9,20,15,7,20,7#2,25#2,13,25%20,4:2,7#2,25,5:2,10:2,8,9,7,9#2,25#3:1,7,6:2,20,9,25,20,20#2,25#2,25,14$1-2,1-3;1-12,1-13,1-14;0-18,0-19,0-20;2-12,2-13,2-14;1-6,1-7,1-8;0-15,0-16,0-17;2-3,2-4,2-5;2-6,2-7,2-8;0-13,0-14$1-20,2-20;2-15,1-15;2-1,1-1;2-11,1-11;0-9,1-9;1-5,0-5;2-19,1-19;0-4,1-4;2-16,1-16","#2:5,,,#2:3,,#4:1:1,#2:3,,#2:6,","0;0;0;{c5:23},{c0:{g3:0}.{g4:6}}|0;0;0;{c0:{g3:0}.{g4:4}}|0;0;0;{c1:12},{c5:23}|0;0;0;{c1:12},{c1:12},{c1:12}|0;0;0;{c1:12},{c0:{g3:0}.{g4:5}}|0;0;0;{c3:24.10}|0;0;0;{c5:23},{c5:23}|0;0;0;{c4:23},{c0:{g3:0}.{g4:3}},{c4:23}|0;0;0;{c3:24},{c1:12},{c4:23}|0;0;0;{c0:{g3:0}.{g4:5}},{c1:12}|0;0;0;{c1:12.{g0:14}.{g1:15}}|0;0;0;{c4:23},{c1:12},{c0:{g3:0}.{g4:3}}|0;0;0;{c4:23},{c0:{g3:0}.{g4:6}},{c1:12},{c0:{g3:0}.{g4:6}}|0;0;0;{c5:23.10},{c1:12.{g0:13}},{c1:12.{g0:14}}|0;0;0;{c1:12.{g0:13}},{c1:12.{g0:14}}|0;0;0;{c1:12},{c1:12},{c1:12}|0;0;0;{c0:{g3:0}.{g4:6}},{c0:{g3:0}.{g4:4}}",,,c0:100;c1:100;c3:35;c4:45;c5:30;0:100;3:100;4:100;5:100;6:100;10:100;11:100;12:100;13:100;14:100;15:100;16:100;17:100;18:100;19:100;23:100;24:100,2;1;2;3;2;1;2;3;3;2;1;3;4;3;2;3,"{""range"":{""minX"":0,""maxX"":1,""minY"":1,""maxY"":5},""keyframes"":[{""x"":0,""y"":0.05,""tangent"":0},{""x"":0.55,""y"":0.28,""tangent"":0},{""x"":0.85,""y"":1,""tangent"":0},{""x"":1,""y"":0.65,""tangent"":0}]}","{""range"":{""minX"":0,""maxX"":1,""minY"":0,""maxY"":3},""keyframes"":[{""x"":0,""y"":0,""tangent"":1},{""x"":1,""y"":1,""tangent"":1}]}",,3623427648,orderLock=4;lockKey=2;hidden=17;frozen=11;linked=9;combined=9,
33,Level 33,Normal,Normal,,0,2,"9,25#3:2,9,7#1:1,3:2,7#1:1,4:2,8,6:2,7,9#2,25#1:2,13#1:2,25#2,8,7#2,7#2,20%8,25,7#2,9#3:1,9,25#1:1,9,25#2,9,10:2,7,20,25,14#2,25#1:1,13#1:1,20,20%10:2,9,25,7,7,25,8,25#3:3,7#2,25,20,9,14,15,13,25,6:2%25,7,9#2,20#3:4,9,20#2,9,20#2,9#2,14,5:2,7#2,20#2,9,9,9#2,20#3:5$2-15,2-16;1-12,2-12;2-10,2-11;0-9,1-9;1-10,1-11;0-6,0-7,0-8;0-4,1-4;2-3,2-4,2-5$3-9,2-9;3-1,2-1;1-17,0-17;3-14,2-14;2-13,3-13;2-6,3-6",",,#4:2:1,#4:4:1,#4:3:1,,,#4:5:1,#4:1:1,","0;0;0;{c3:24.10},{c1:12},{c1:12}|0;0;0;{c1:12},{c5:23}|0;0;0;{c4:23}|0;0;0;{c1:12},{c5:23}|0;0;0;{c5:23.10}|0;0;0;{c0:{g3:0}.{g4:3}},{c5:23},{c5:23}|0;0;0;{c1:12},{c1:12},{c0:{g3:0}.{g4:4}},{c3:24}|0;0;0;{c3:24},{c1:12}|0;0;0;{c1:12},{c0:{g3:0}.{g4:6}},{c4:23}|0;0;0;{c5:23.10},{c1:12.{g0:14}}|0;0;0;{c4:23},{c0:{g3:0}.{g4:5}},{c1:12},{c0:{g3:0}.{g4:4}}|0;0;0;{c5:23.{g0:13}},{c1:12.{g0:14}},{c0:{g3:0}.{g4:6}}|0;0;0;{c1:12.{g0:14}.{g1:15}},{c3:24.10}|0;0;0;{c1:12.{g0:13}},{c5:23.{g0:13}}|0;0;0;{c1:12},{c4:23},{c0:{g3:0}.{g4:6}}|0;0;0;{c0:{g3:0}.{g4:3}},{c0:{g3:0}.{g4:6}},{c0:{g3:0}.{g4:5}}",,,c0:100;c1:100;c3:48;c4:34;c5:40;0:100;3:100;4:100;5:100;6:100;10:100;11:100;12:100;13:100;14:100;15:100;16:100;17:100;18:100;19:100;23:100;24:100,3;2;1;2;1;3;4;2;3;2;4;3;2;2;3,"{""range"":{""minX"":0,""maxX"":1,""minY"":1,""maxY"":5},""keyframes"":[{""x"":0,""y"":0.05,""tangent"":0},{""x"":0.55,""y"":0.28,""tangent"":0},{""x"":0.85,""y"":1,""tangent"":0},{""x"":1,""y"":0.65,""tangent"":0}]}","{""range"":{""minX"":0,""maxX"":1,""minY"":0,""maxY"":0},""keyframes"":[{""x"":0,""y"":0,""tangent"":1},{""x"":1,""y"":1,""tangent"":1}]}",,548098793,lockKey=5;hidden=15;frozen=7;linked=6;combined=8,
34,Level 34,Normal,Normal,,0,2,"20,8#2,8#1:1,20#2,20#2,9#2,25#1:1,5:2,9#2,13,4:2,20,20#2%4:2,25#1:1,25,3:2#2,9,7#2,9#2,9,7#2,15,20,9,20#2%20,20#2,9,25#2,7,25#1:2,7#2,8,9,9,6:2,7#2%5:2,6:2,7#2,9#2,11,14#2,20#2,10:2,7,8#1:1,20,11%9,9,25#2,8#2,20,20,20,25,25,20#3:1,3:2,20$2-10,3-10,4-10;0-11,1-11;0-9,1-9,2-9;4-4,4-5;4-6,4-7,4-8;1-4,2-4,3-4$4-11,3-11;0-7,1-7;1-10,0-10;2-2,1-2;3-8,2-8;2-7,3-7;4-1,3-1",",#2:2,,,#4:1:1,#2:3,#2:5,#2:2,,","0;60;0;{c0:{g3:0}.{g4:4}},{c0:{g3:0}.{g4:5}},{c3:24}|0;60;0;{c1:12},{c0:{g3:0}.{g4:6}}|0;60;0;{c3:24},{c1:12},{c5:23}|0;0;0;{c1:12},{c0:{g3:0}.{g4:3}},{c1:12}|0;0;0;{c3:24},{c0:{g3:0}.{g4:6}}|0;0;0;{c4:23.11}|0;0;0;{c0:{g3:0}.{g4:5}},{c4:23}|0;0;0;{c1:12.{g0:14}}|0;60;0;{c0:{g3:0}.{g4:3}},{c1:12},{c4:23}|0;0;0;{c0:{g3:0}.{g4:4}},{c0:{g3:0}.{g4:5}}|0;0;0;{c3:24.10}|0;0;0;{c1:12},{c5:23},{c4:23}|0;0;0;{c1:12.{g0:13}.{g1:15}},{c3:24.10}|0;0;0;{c0:{g3:0}.{g4:4}},{c0:{g3:0}.{g4:6}},{c0:{g3:0}.{g4:3}}|0;0;0;{c0:{g3:0}.{g4:3}},{c4:23.11}|0;0;0;{c0:{g3:0}.{g4:4}},{c0:{g3:0}.{g4:5}},{c0:{g3:0}.{g4:6}}",,,c0:100;c1:100;c3:40;c4:49;c5:35;0:100;3:100;4:100;5:100;6:100;10:100;11:100;12:100;13:100;14:100;15:100;16:100;17:100;18:100;19:100;23:100;24:100,3;2;3;3;2;1;2;1;3;2;1;3;2;3;2,"{""range"":{""minX"":0,""maxX"":1,""minY"":1,""maxY"":5},""keyframes"":[{""x"":0,""y"":0.3,""tangent"":0},{""x"":0.62,""y"":0.38,""tangent"":0},{""x"":0.88,""y"":1,""tangent"":0},{""x"":1,""y"":0.85,""tangent"":0}]}","{""range"":{""minX"":0,""maxX"":1,""minY"":0,""maxY"":0},""keyframes"":[{""x"":0,""y"":0,""tangent"":1},{""x"":1,""y"":1,""tangent"":1}]}",,1849714442,orderLock=4;lockKey=2;hidden=21;frozen=11;linked=7;combined=6;timed=3,
35,Level 35,Normal,Normal,,0,2,"25,7#1:2,25#2,20,9,20,7#2,25#2,8,20#2,3:2#2,7#1:1,20#2,15,20,20,20,9%20,10:2#2,25#3:1,5:2,7#2,3:2#2,25#2,14#2,25,9#2,9#2,14#2,9,20,5:2,9,7#1:1%6:2,9#1:2,9#1:2,20,13#2,20#2,25#2,25#2,25,7,7#1:2,15,20,4:2,7,20,8#1:2%9,8#2,7,4:2,25,9,20,9#1:2,20,20,6:2#2,9,20#3:2,15#1:1,20#2,10:2,6:2#2$0-13,1-13,2-13;3-4,3-5,3-6;0-3,0-4,0-5;2-11,3-11;0-16,0-17;0-14,1-14,2-14;3-2,3-3$2-12,1-12;2-9,3-9;0-15,1-15;3-8,2-8;1-3,2-3;2-15,3-15;1-8,0-8","#4:1:1,#4:2:1,,,,,,#2:3,#2:9,","0;0;0;{c1:12},{c0:{g3:0}.{g4:6}},{c5:23.10}|0;0;0;{c3:24},{c1:12}|0;0;0;{c1:12},{c5:23},{c0:{g3:0}.{g4:5}}|0;0;0;{c0:{g3:0}.{g4:4}},{c5:23.{g0:13}}|0;0;0;{c1:12},{c0:{g3:0}.{g4:3}},{c0:{g3:0}.{g4:6}}|0;0;0;{c5:23},{c1:12},{c1:12}|0;0;0;{c0:{g3:0}.{g4:3}},{c1:12.{g0:14}}|0;0;0;{c1:12},{c3:24},{c5:23}|0;0;0;{c0:{g3:0}.{g4:4}},{c0:{g3:0}.{g4:5}},{c1:12}|0;0;0;{c1:12},{c0:{g3:0}.{g4:3}},{c4:23}|0;0;0;{c5:23.10.{g0:14}},{c0:{g3:0}.{g4:6}.{g1:15}}|0;0;0;{c0:{g3:0}.{g4:4}.{g1:15}},{c0:{g3:0}.{g4:5}.{g1:15}}|0;0;0;{c0:{g3:0}.{g4:6}},{c0:{g3:0}.{g4:4}},{c4:23.10}|0;0;0;{c0:{g3:0}.{g4:3}},{c3:24.10}|0;0;0;{c0:{g3:0}.{g4:5}},{c5:23},{c0:{g3:0}.{g4:6}}|0;0;0;{c0:{g3:0}.{g4:6}}",,,c0:100;c1:100;c3:37;c4:36;c5:33;0:100;3:100;4:100;5:100;6:100;10:100;11:100;12:100;13:100;14:100;15:100;16:100;17:100;18:100;19:100;23:100;24:100,3;2;3;2;3;3;2;3;3;3;2;2;3;2;3,"{""range"":{""minX"":0,""maxX"":1,""minY"":1,""maxY"":6},""keyframes"":[{""x"":0,""y"":0.1,""tangent"":0},{""x"":0.28,""y"":0.72,""tangent"":0},{""x"":0.5,""y"":0.22,""tangent"":0},{""x"":0.78,""y"":1,""tangent"":0},{""x"":1,""y"":0.18,""tangent"":0}]}","{""range"":{""minX"":0,""maxX"":1,""minY"":0,""maxY"":1},""keyframes"":[{""x"":0,""y"":0,""tangent"":1},{""x"":1,""y"":1,""tangent"":1}]}",,3537101219,orderLock=2;lockKey=2;hidden=22;frozen=13;linked=7;combined=7,
36,Level 36,Normal,Normal,,0,2,"9,25,7,20,20#2,7#2,9#2,4:2#2,7,20#2,20#2,20#2,9#2,4:2,20#2,10:2,20,7,20,13#2,25%7,25,25,5:2,6:2#2,25,7,25,9,20#2,3:2,20,9#2,8,3:2,20,20#2,6:2#1:2,20#1:2,15,20%25,9#3:1,25#2,26:2#2,9#2,25#2,20,9,7,25#3:2,20,6:2,8#2,20,20,5:2#2,9,4:2,25,20,20#2$1-5,1-6,1-7;2-16,2-17,2-18;0-2,1-2;1-14,2-14;0-15,1-15;2-6,2-7,2-8;0-13,1-13,2-13;0-16,0-17,0-18;1-11,2-11$1-19,2-19;0-20,1-20;1-8,0-8;0-3,1-3;0-1,1-1;2-10,1-10","#2:4,,#4:1:1,,,#2:8,#4:2:1,,#2:3,","0;0;0;{c5:23},{c1:12},{c1:12}|0;0;0;{c1:12},{c5:23}|0;0;0;{c1:12},{c1:12},{c0:{g3:0}.{g4:5}.{g1:{g2:17}}}|0;0;0;{c0:{g3:0}.{g4:6}},{c4:23}|0;0;0;{c1:12},{c1:12},{c4:23}|0;0;0;{c0:{g3:0}.{g4:4}},{c1:12}|0;0;0;{c4:23},{c5:23},{c0:{g3:0}.{g4:4}}|0;0;0;{c0:{g3:0}.{g4:6}},{c1:12}|0;0;0;{c0:{g3:0}.{g4:3}},{c0:{g3:0}.{g4:5}}|0;0;0;{c0:{g3:0}.{g4:3}},{c0:{g3:0}.{g4:6}},{c3:24}|0;0;0;{c0:{g3:0}.{g4:4}},{c3:24.10}|0;0;0;{c0:{g3:0}.{g4:5}},{c0:{g3:0}.{g4:3}},{c0:{g3:0}.{g4:6}}|0;0;0;{c0:{g3:0}.{g4:6}},{c5:23.10},{c0:{g3:0}.{g4:5}}|0;0;0;{c1:12.{g0:13}.{g1:15}},{c0:{g3:0}.{g4:4}.{g1:{g2:17}}}|0;0;0;{c0:{g3:0}.{g4:3}},{c0:{g3:0}.{g4:4}},{c1:12}|0;0;0;{c0:{g3:0}.{g4:6}},{c0:{g3:0}.{g4:4}}",,,c0:100;c1:100;c3:28;c4:40;c5:45;0:100;3:100;4:100;5:100;6:100;10:100;11:100;12:100;13:100;14:100;15:100;16:100;17:100;18:100;19:100;23:100;24:100,3;2;3;2;3;2;3;2;2;3;2;3;3;2;3,"{""range"":{""minX"":0,""maxX"":1,""minY"":1,""maxY"":5},""keyframes"":[{""x"":0,""y"":0.3,""tangent"":0},{""x"":0.62,""y"":0.38,""tangent"":0},{""x"":0.88,""y"":1,""tangent"":0},{""x"":1,""y"":0.85,""tangent"":0}]}","{""range"":{""minX"":0,""maxX"":1,""minY"":0,""maxY"":1},""keyframes"":[{""x"":0,""y"":0,""tangent"":1},{""x"":1,""y"":1,""tangent"":1}]}",,2222658229,orderLock=3;lockKey=3;hidden=21;frozen=12;linked=6;combined=9,
37,Level 37,Normal,Normal,,0,2,"9,20#1:2,20,25,7#2,5:2#2,20#1:2,20,25,11,8,11,9#2,25,9#1:1,13#2,3:2#2,20#2,26:2,14#1:1,13#2%7,3:2#1:2,6:2#1:1,9#2,9,20,20,25#1:2,10:2,25#2,5:2,16#2,20#2,7,13#2,7#2,15,16#2,20,15#2,9#2%9,27:2#2,20#2,8#1:1,9#2,7#1:1,25,9#1:1,9#2,13#1:1,20,11#1:2,6:2,15,28:3#2,14#2,20,9#2,7,10:2%7,26:2#1:2,4:2#2,9#2,20#2,15#2,25,7#1:2,7#1:2,9,7,10:2,16#1:2,20#2,27:2#2,25#2,7,15#2,11,25$1-16,2-16,3-16;2-19,3-19;1-4,1-5,1-6;3-9,3-10,3-11;0-2,0-3;2-12,2-13;0-9,0-10,0-11$3-18,2-18;2-10,1-10;0-13,1-13;1-18,0-18;2-6,3-6;1-8,0-8","#2:2,#2:2,,,,#2:4,,,,","0;60;0;{c4:23},{c5:23},{c0:{g3:0}.{g4:3}.{g1:{g2:18.17}}}|0;60;0;{c0:{g3:0}.{g4:6}},{c0:{g3:0}.{g4:4}}|0;60;0;{c1:12},{c3:24},{c4:23}|0;60;0;{c4:23},{c0:{g3:0}.{g4:5}}|0;0;0;{c0:{g3:0}.{g4:5}},{c1:12}|0;0;0;{c1:12},{c0:{g3:0}.{g4:6}},{c1:12}|0;0;0;{c5:23},{c1:12},{c0:{g3:0}.{g4:3}}|0;0;0;{c4:23.11},{c1:12.{g0:13}},{c3:24.10}|0;60;0;{c0:{g3:0}.{g4:4}.{g1:15}},{c0:{g3:0}.{g4:5}.{g1:{g2:18}}}|0;0;0;{c4:23.11.10},{c0:{g3:0}.{g4:6}.{g1:{g2:17.16}}}|0;0;0;{c4:23.11.10}|0;0;0;{c1:12.{g0:13}.{g1:15}},{c0:{g3:0}.{g4:3}.{g1:{g2:16.19}}},{c1:12.{g0:13}.{g1:15}}|0;60;0;{c0:{g3:0}.{g4:6}.{g1:15}},{c5:23.10.{g0:14}.{g1:{g2:18.17.19.16}}}|0;0;0;{c5:23.{g0:13}.{g1:15}.10},{c1:12.{g0:14}.{g1:{g2:18.17.19}}},{c4:23.10.11}|0;0;0;{c0:{g3:0}.{g4:3}},{c0:{g3:0}.{g4:5}}",,,c0:100;c1:100;c3:28;c4:37;c5:39;0:100;3:100;4:100;5:100;6:100;10:100;11:100;12:100;13:100;14:100;15:100;16:100;17:100;18:100;19:100;23:100;24:100,3;2;3;2;2;3;3;3;2;2;1;3;2;3,"{""range"":{""minX"":0,""maxX"":1,""minY"":1,""maxY"":15},""keyframes"":[{""x"":0,""y"":0,""tangent"":0},{""x"":1,""y"":1,""tangent"":2}]}","{""range"":{""minX"":0,""maxX"":1,""minY"":0,""maxY"":2},""keyframes"":[{""x"":0,""y"":0,""tangent"":1},{""x"":1,""y"":1,""tangent"":1}]}",,4228000475,orderLock=3;hidden=31;frozen=20;linked=6;combined=7;timed=4,
38,Level 38,Normal,Normal,,0,2,"25,6:2#1:2,10:2#3:2,27:2#2,16#3:3,15#1:2,9#2,20#2,13#2,9#2,9#2,20,15#2,8#2,9#3:1,15,4:2#2,25,25,20#2,20#2%14,15,9,26:2#2,28:3#2,25,7,4:2#2,15,7,7,15#1:1,20,7#1:1,20,9,13,9,25,20#1:2,20%15,9,7#2,25,25,14#2,10:2#2,27:2#2,9,14#2,9,25,5:2,3:2,25,7,9#2,7#2,9#2,3:2%20,8,13#1:1,14,13#2,16#2,14,25,7,10:2,14,15,9,7,20#2,20#1:1,20,7,25#1:1,8$1-12,2-12,3-12;1-8,2-8;3-8,3-9,3-10;3-16,3-17;1-5,1-6;1-1,1-2;1-9,1-10;1-14,1-15,1-16;2-14,2-15$3-1,2-1;3-11,2-11;1-17,0-17;3-13,2-13;3-19,2-19;0-18,1-18;3-3,2-3",",,#4:2:1,#4:3:1,,,,,#4:1:1,","0;0;0;{c1:12.{g0:14}.{g1:15}},{c0:{g3:0}.{g4:6}.{g1:15}},{c3:24.10}|0;0;0;{c5:23.10.{g0:13}.{g1:{g2:18.17}}},{c1:12.{g0:14}.{g1:{g2:16.19.17}}}|0;0;0;{c1:12.{g0:13}.{g1:15}},{c1:12.{g0:14}.{g1:{g2:16.18.19}}},{c5:23.10.{g0:14}}|0;0;0;{c0:{g3:0}.{g4:4}.{g1:{g2:18.19}}},{c1:12.{g0:13}.{g1:15}}|0;0;0;{c4:23.10},{c5:23.{g0:14}.10},{c5:23.10}|0;0;0;{c1:12.{g0:14}.{g1:15}},{c0:{g3:0}.{g4:5}.{g1:15}}|0;0;0;{c0:{g3:0}.{g4:4}.{g1:15}}|0;0;0;{c5:23},{c4:23},{c1:12},{c3:24}|0;0;0;{c0:{g3:0}.{g4:3}.{g1:{g2:18}}},{c0:{g3:0}.{g4:5}.{g1:15}}|0;0;0;{c4:23},{c0:{g3:0}.{g4:4}},{c4:23}|0;0;0;{c0:{g3:0}.{g4:4}},{c1:12.{g0:13}}|0;0;0;{c5:23},{c1:12},{c1:12}|0;0;0;{c3:24},{c0:{g3:0}.{g4:3}}|0;0;0;{c0:{g3:0}.{g4:3}},{c1:12}|0;0;0;{c0:{g3:0}.{g4:6}},{c0:{g3:0}.{g4:3}}",,,c0:100;c1:100;c3:28;c4:30;c5:50;0:100;3:100;4:100;5:100;6:100;10:100;11:100;12:100;13:100;14:100;15:100;16:100;17:100;18:100;19:100;23:100;24:100,3;2;3;2;3;2;1;4;2;3;2;3;2;2,"{""range"":{""minX"":0,""maxX"":1,""minY"":1,""maxY"":10},""keyframes"":[{""x"":0,""y"":1,""tangent"":0},{""x"":0.32,""y"":0.55,""tangent"":0},{""x"":1,""y"":0.15,""tangent"":0}]}","{""range"":{""minX"":0,""maxX"":1,""minY"":0,""maxY"":1},""keyframes"":[{""x"":0,""y"":0,""tangent"":1},{""x"":1,""y"":1,""tangent"":1}]}",,1230303737,lockKey=3;hidden=25;frozen=8;linked=7;combined=9,
39,Level 39,Normal,Normal,,0,2,"25,20,20,10:2,25,9#2,7#2,7#2,6:2#2,9#2,3:2,9,20#2%20,5:2,4:2,20#2,25#2,7,9,9,25,7,20,7,20%6:2,20,20#2,9#2,9,9,7,7#2,9#2,20#2,25#2,10:2#2,20%20,3:2,9#2,8#2,7,7,20#2,14,7,5:2,20,9%4:2,20,7,25#2,20,9,9,20,25#2,20,5:2,8#2$1-7,1-8,1-9;2-4,3-4,4-4;0-3,0-4;4-6,4-7;3-10,3-11;3-7,3-8,3-9;4-9,4-10;1-1,1-2;4-1,4-2;0-1,0-2$4-5,3-5;0-11,1-11;0-10,1-10;2-6,1-6;2-5,1-5;2-12,1-12;2-1,3-1",",#2:2,,,,#2:3,#2:9,#2:4,#2:6,","0;0;0;{c1:12},{c0:{g3:0}.{g4:6}},{c0:{g3:0}.{g4:4}}|0;0;0;{c0:{g3:0}.{g4:5}},{c0:{g3:0}.{g4:3}}|0;0;0;{c0:{g3:0}.{g4:4}},{c0:{g3:0}.{g4:4}},{c0:{g3:0}.{g4:6}}|0;0;0;{c5:23.10},{c0:{g3:0}.{g4:4}}|0;0;0;{c3:24}|0;0;0;{c1:12},{c1:12}|0;0;0;{c1:12},{c5:23}|0;0;0;{c0:{g3:0}.{g4:3}},{c4:23},{c4:23}|0;0;0;{c5:23},{c4:23},{c0:{g3:0}.{g4:5}},{c5:23}|0;0;0;{c5:23.{g0:14}},{c0:{g3:0}.{g4:6}}|0;0;0;{c1:12},{c5:23},{c1:12}|0;0;0;{c5:23.10},{c0:{g3:0}.{g4:5}}|0;0;0;{c0:{g3:0}.{g4:3}},{c0:{g3:0}.{g4:5}},{c1:12},{c0:{g3:0}.{g4:5}}|0;0;0;{c4:23.10},{c3:24.10},{c0:{g3:0}.{g4:3}}|0;0;0;{c0:{g3:0}.{g4:6}},{c0:{g3:0}.{g4:5}}",,,c0:100;c1:100;c3:28;c4:23;c5:38;0:100;3:100;4:100;5:100;6:100;10:100;11:100;12:100;13:100;14:100;15:100;16:100;17:100;18:100;19:100;23:100;24:100,3;2;3;2;1;2;2;3;4;2;3;2;4;3,"{""range"":{""minX"":0,""maxX"":1,""minY"":1,""maxY"":5},""keyframes"":[{""x"":0,""y"":0,""tangent"":0},{""x"":1,""y"":1,""tangent"":2}]}","{""range"":{""minX"":0,""maxX"":1,""minY"":0,""maxY"":0},""keyframes"":[{""x"":0,""y"":0,""tangent"":1},{""x"":1,""y"":1,""tangent"":1}]}",,1449195506,orderLock=5;hidden=24;frozen=12;linked=7;combined=10,
40,Level 40,Normal,Normal,,0,2,"25,7#1:2,14#1:2,14#2,15#2,3:2,4:2,10:2#1:1,13,25,10:2#1:2,14#2,14,25,20,25#1:1,7#2,9#2,7,5:2,25,9%13,11,28:3,15,25,25,20,20#2,9#2,25,9,9,20#1:1,13#2,20,13,9#2,7,9#2,25,25,7%15,10:2,9#1:1,20#1:2,13,13#1:1,9,5:2#1:1,8,9#3:1,7,8,6:2,25,20#1:2,15,7,25#2,7,9,20,20%9,25,7#2,6:2#2,20#2,20,7,25,20,8#2,25#2,25,20,13#1:1,3:2#3:2,9#2,20,9#2,20#2,7#1:2,4:2,20$3-20,3-21;1-1,2-1,3-1;0-18,0-19,0-20;0-6,1-6,2-6;1-19,2-19$1-15,2-15;1-10,2-10;2-16,3-16;2-11,1-11;1-4,2-4",",#2:2,,,#2:11,,#4:1:1,,,#4:2:1","0;60;0;{c1:12.{g0:13}.{g1:15}},{c4:23.11.10},{c1:12.{g0:14}.{g1:{g2:19}}}|0;60;0;{c5:23.{g0:14}.{g1:15}.10},{c0:{g3:0}.{g4:6}.{g1:15}}|0;60;0;{c1:12.{g0:13}.{g1:{g2:19}}},{c0:{g3:0}.{g4:3}.{g1:{g2:19}}},{c1:12.{g0:13}}|0;60;0;{c0:{g3:0}.{g4:4}},{c0:{g3:0}.{g4:4}},{c5:23.10},{c0:{g3:0}.{g4:5}}|0;0;0;{c1:12.{g0:13}},{c3:24.10},{c0:{g3:0}.{g4:6}}|0;0;0;{c1:12},{c1:12},{c3:24.10},{c4:23}|0;0;0;{c1:12.{g0:14}},{c3:24.10},{c1:12.{g0:14}}|0;0;0;{c0:{g3:0}.{g4:6}},{c0:{g3:0}.{g4:5}},{c1:12.{g0:13}}|0;0;0;{c1:12.{g0:13}},{c0:{g3:0}.{g4:6}}|0;60;0;{c0:{g3:0}.{g4:3}},{c0:{g3:0}.{g4:3}}|0;0;0;{c1:12.{g0:13}.{g1:15}}|0;0;0;{c4:23},{c5:23},{c0:{g3:0}.{g4:3}}|0;60;0;{c4:23},{c1:12},{c4:23},{c4:23}|0;0;0;{c0:{g3:0}.{g4:5}},{c1:12},{c4:23}|0;0;0;{c1:12},{c1:12}|0;0;0;{c0:{g3:0}.{g4:4}},{c5:23},{c0:{g3:0}.{g4:5}}|0;0;0;{c0:{g3:0}.{g4:4}}",,,c0:100;c1:100;c3:17;c4:19;c5:24;0:100;3:100;4:100;5:100;6:100;10:100;11:100;12:100;13:100;14:100;15:100;16:100;17:100;18:100;19:100;23:100;24:100,3;2;3;4;3;4;3;3;2;2;1;3;4;3;2;3,"{""range"":{""minX"":0,""maxX"":1,""minY"":1,""maxY"":8},""keyframes"":[{""x"":0,""y"":1,""tangent"":0},{""x"":0.32,""y"":0.55,""tangent"":0},{""x"":1,""y"":0.15,""tangent"":0}]}","{""range"":{""minX"":0,""maxX"":1,""minY"":0,""maxY"":0},""keyframes"":[{""x"":0,""y"":0,""tangent"":1},{""x"":1,""y"":1,""tangent"":1}]}",,616026072,orderLock=2;lockKey=2;hidden=19;frozen=13;linked=5;combined=5;timed=4,